entry_time,entry_px,exit_time,exit_px,bars,ret,how,regime
2021-03-09 00:00:00+00:00,52077.7,2021-03-15 00:00:00+00:00,58922.8,36.0,0.6407406423478766,신호,상승
2021-03-17 20:00:00+00:00,57850.0,2021-03-21 04:00:00+00:00,57766.7,20.0,-0.019194614520311674,신호,상승
2021-03-30 12:00:00+00:00,59245.5,2021-04-04 00:00:00+00:00,57107.0,27.0,-0.19410150770944626,신호,상승
2021-04-09 12:00:00+00:00,58529.9,2021-04-10 00:00:00+00:00,58120.8,3.0,-0.042673486115643186,신호,상승
2021-04-13 12:00:00+00:00,62988.0,2021-04-16 08:00:00+00:00,61478.3,17.0,-0.13100639883787385,신호,상승
2021-06-14 00:00:00+00:00,39035.6,2021-06-16 12:00:00+00:00,39081.8,15.0,-0.004836467224789421,신호,하락
2021-07-12 00:00:00+00:00,34292.4,2021-07-12 16:00:00+00:00,33350.0,4.0,-0.14531035448087667,신호,하락
2021-07-26 00:00:00+00:00,35384.9,2021-07-30 12:00:00+00:00,38650.1,27.0,0.4473102771238577,신호,하락
2021-07-31 00:00:00+00:00,42205.4,2021-08-02 00:00:00+00:00,39830.8,12.0,-0.2911177929838358,신호,상승
2021-08-05 20:00:00+00:00,40718.6,2021-08-12 08:00:00+00:00,45250.0,39.0,0.5392892572436186,신호,상승
2021-08-14 00:00:00+00:00,47794.8,2021-08-15 08:00:00+00:00,45750.0,8.0,-0.22276474428180493,신호,상승
2021-08-20 16:00:00+00:00,48724.0,2021-08-24 16:00:00+00:00,48359.2,24.0,-0.05040914539036258,신호,상승
2021-09-02 04:00:00+00:00,49606.6,2021-09-07 12:00:00+00:00,50920.1,32.0,0.11729898340140249,신호,상승
2021-10-03 20:00:00+00:00,48626.3,2021-10-12 20:00:00+00:00,55337.5,54.0,0.6690961814902634,신호,상승
2021-10-14 04:00:00+00:00,57817.4,2021-10-21 16:00:00+00:00,63000.0,45.0,0.42962314718406514,신호,상승
2021-11-08 00:00:00+00:00,63279.9,2021-11-11 00:00:00+00:00,64874.3,18.0,0.11439178554327704,신호,상승
2021-11-15 00:00:00+00:00,65542.0,2021-11-16 00:00:00+00:00,63625.1,6.0,-0.15463211147050765,신호,상승
2021-12-27 16:00:00+00:00,51316.3,2021-12-28 04:00:00+00:00,49837.5,3.0,-0.1517359109093995,신호,하락
2022-02-05 00:00:00+00:00,41580.3,2022-02-13 00:00:00+00:00,42217.7,48.0,0.057593220828131925,신호,하락
2022-02-15 04:00:00+00:00,43565.5,2022-02-16 16:00:00+00:00,43598.6,9.0,-0.005453781662095209,신호,하락
2022-03-01 00:00:00+00:00,43175.3,2022-03-03 04:00:00+00:00,43330.4,13.0,0.00769908547248059,신호,하락
2022-03-18 20:00:00+00:00,42025.5,2022-03-20 16:00:00+00:00,41359.9,11.0,-0.08888458257486495,신호,하락
2022-03-24 16:00:00+00:00,43987.9,2022-03-31 16:00:00+00:00,46460.2,42.0,0.26332374812164205,신호,상승
2022-05-31 00:00:00+00:00,31743.6,2022-06-01 16:00:00+00:00,30753.7,10.0,-0.16531204872793198,신호,하락
2022-07-07 16:00:00+00:00,20887.9,2022-07-10 04:00:00+00:00,21295.0,15.0,0.08663054806849892,신호,하락
2022-07-18 08:00:00+00:00,22249.0,2022-07-21 04:00:00+00:00,22781.0,17.0,0.10822224594363797,신호,하락
2022-07-28 04:00:00+00:00,23127.4,2022-08-01 00:00:00+00:00,23300.0,23.0,0.024538925689873807,신호,하락
2022-08-08 08:00:00+00:00,23802.4,2022-08-09 12:00:00+00:00,23265.6,7.0,-0.12143280509528531,신호,하락
2022-08-11 04:00:00+00:00,24321.2,2022-08-12 12:00:00+00:00,23677.6,8.0,-0.14121993158232363,신호,하락
2022-10-05 00:00:00+00:00,20300.6,2022-10-07 16:00:00+00:00,19579.9,16.0,-0.18838281380845812,신호,하락
2022-10-26 12:00:00+00:00,20455.7,2022-10-28 00:00:00+00:00,20293.5,9.0,-0.04886889839995688,신호,하락
2022-11-05 04:00:00+00:00,21447.9,2022-11-07 00:00:00+00:00,20910.3,11.0,-0.13498922621795215,신호,횡보
2022-12-13 12:00:00+00:00,17442.3,2022-12-15 16:00:00+00:00,17431.1,13.0,-0.013458338349873804,신호,하락
2023-01-09 00:00:00+00:00,17129.9,2023-01-25 00:00:00+00:00,22633.0,96.0,1.5741605175745323,신호,하락
2023-01-29 20:00:00+00:00,23700.5,2023-01-30 12:00:00+00:00,23080.0,4.0,-0.13881277821143007,신호,상승
2023-02-01 20:00:00+00:00,23394.0,2023-02-05 16:00:00+00:00,23102.4,23.0,-0.07503004616568328,신호,상승
2023-02-16 00:00:00+00:00,24335.7,2023-02-22 16:00:00+00:00,23718.0,40.0,-0.14382347538801055,신호,상승
2023-03-17 04:00:00+00:00,25776.0,2023-03-22 20:00:00+00:00,26660.5,34.0,0.15595423067970188,신호,상승
2023-03-29 08:00:00+00:00,28087.9,2023-03-30 20:00:00+00:00,27986.9,9.0,-0.027216686722752778,신호,상승
2023-04-10 00:00:00+00:00,28309.4,2023-04-17 04:00:00+00:00,29976.5,43.0,0.27648672525733425,신호,상승
2023-05-29 00:00:00+00:00,28075.9,2023-05-31 08:00:00+00:00,27158.6,14.0,-0.1737463945946528,신호,횡보
2023-06-21 00:00:00+00:00,28294.8,2023-06-28 08:00:00+00:00,30196.7,44.0,0.3178512288477039,신호,하락
2023-07-03 16:00:00+00:00,31065.5,2023-07-04 20:00:00+00:00,30699.7,7.0,-0.06758438863047404,신호,상승
2023-09-08 00:00:00+00:00,26252.1,2023-09-09 00:00:00+00:00,25913.0,6.0,-0.0730400996491707,신호,하락
2023-09-14 16:00:00+00:00,26620.1,2023-09-15 16:00:00+00:00,26324.1,6.0,-0.06405816845165895,신호,하락
2023-09-18 12:00:00+00:00,27198.0,2023-09-19 00:00:00+00:00,26760.3,3.0,-0.0881591495698217,신호,하락
2023-10-01 12:00:00+00:00,27185.5,2023-10-08 12:00:00+00:00,27808.6,42.0,0.09702131283220836,신호,하락
2023-10-20 04:00:00+00:00,29237.2,2023-10-27 20:00:00+00:00,33703.6,46.0,0.7447867579658792,신호,상승
2023-10-29 20:00:00+00:00,34572.1,2023-11-03 12:00:00+00:00,34254.7,28.0,-0.05987193430540855,신호,상승
2023-11-05 04:00:00+00:00,35303.8,2023-11-07 12:00:00+00:00,34631.3,14.0,-0.10567803324288026,신호,상승
2023-11-07 20:00:00+00:00,35449.1,2023-11-14 00:00:00+00:00,36466.0,37.0,0.12708060218736128,신호,상승
2023-11-16 00:00:00+00:00,37842.2,2023-11-16 20:00:00+00:00,35919.5,5.0,-0.26211395479121136,신호,상승
2023-11-19 20:00:00+00:00,36962.8,2023-11-22 00:00:00+00:00,35735.2,13.0,-0.17619260716179572,신호,상승
2023-11-28 20:00:00+00:00,37784.3,2023-12-07 12:00:00+00:00,43195.7,52.0,0.6955898111120216,신호,상승
2023-12-09 00:00:00+00:00,44109.1,2023-12-10 00:00:00+00:00,43719.1,6.0,-0.052677618677325115,신호,상승
2023-12-19 00:00:00+00:00,42645.7,2023-12-25 00:00:00+00:00,42987.6,36.0,0.024058044539074744,신호,상승
2024-01-02 00:00:00+00:00,44220.1,2024-01-03 12:00:00+00:00,43705.2,9.0,-0.06742937657309725,신호,상승
2024-01-08 12:00:00+00:00,44659.1,2024-01-12 16:00:00+00:00,44474.6,25.0,-0.03389202480569468,신호,상승
2024-01-30 04:00:00+00:00,43383.6,2024-01-31 00:00:00+00:00,42942.2,5.0,-0.059086147760905074,신호,상승
2024-02-07 20:00:00+00:00,43621.4,2024-02-17 16:00:00+00:00,50980.0,59.0,0.8211217303892121,신호,횡보
2024-02-26 16:00:00+00:00,52849.1,2024-03-05 20:00:00+00:00,61459.2,49.0,0.7947726541227759,신호,상승
2024-03-11 08:00:00+00:00,71208.0,2024-03-14 16:00:00+00:00,70857.4,20.0,-0.036600787832828344,신호,상승
2024-03-31 20:00:00+00:00,70840.5,2024-04-01 08:00:00+00:00,69580.1,3.0,-0.09664813877654664,신호,상승
2024-04-08 08:00:00+00:00,70714.3,2024-04-09 16:00:00+00:00,69274.7,8.0,-0.11071862551138933,신호,상승
2024-05-17 16:00:00+00:00,66824.7,2024-05-19 20:00:00+00:00,66043.0,13.0,-0.06869790997939379,신호,횡보
2024-05-20 20:00:00+00:00,70047.3,2024-05-23 00:00:00+00:00,69182.1,13.0,-0.07196503826699936,신호,상승
2024-06-04 16:00:00+00:00,70411.4,2024-06-06 20:00:00+00:00,70490.2,13.0,-0.004658232189674019,신호,횡보
2024-07-15 00:00:00+00:00,60789.7,2024-07-18 16:00:00+00:00,63545.1,22.0,0.21397514463799,신호,하락
2024-07-19 16:00:00+00:00,65841.5,2024-07-23 20:00:00+00:00,65530.7,25.0,-0.036835613936499055,신호,하락
2024-07-26 16:00:00+00:00,67588.2,2024-07-29 20:00:00+00:00,67311.6,19.0,-0.03219782817118927,신호,하락
2024-08-24 00:00:00+00:00,63836.0,2024-08-26 08:00:00+00:00,63634.4,14.0,-0.026279409737452034,신호,하락
2024-09-14 00:00:00+00:00,60495.9,2024-09-15 00:00:00+00:00,59992.8,6.0,-0.05005222337381535,신호,하락
2024-09-19 00:00:00+00:00,61767.9,2024-09-22 12:00:00+00:00,62792.2,21.0,0.07060719524218861,신호,하락
2024-09-23 04:00:00+00:00,64059.7,2024-09-30 04:00:00+00:00,64567.8,42.0,0.022130557901457515,신호,하락
2024-10-18 16:00:00+00:00,68464.0,2024-10-21 16:00:00+00:00,67331.1,18.0,-0.09417899699111926,신호,상승
2024-10-24 20:00:00+00:00,68130.2,2024-10-25 20:00:00+00:00,66858.7,6.0,-0.10174865845102442,신호,상승
2024-10-28 08:00:00+00:00,68348.0,2024-10-31 16:00:00+00:00,70637.1,20.0,0.15534195806753712,신호,상승
2024-11-06 04:00:00+00:00,74377.9,2024-11-15 00:00:00+00:00,87349.4,53.0,0.8511392130592551,신호,상승
2024-11-19 20:00:00+00:00,92966.2,2024-11-23 20:00:00+00:00,97530.1,24.0,0.23228835587557625,신호,상승
2024-11-29 12:00:00+00:00,97284.6,2024-12-02 08:00:00+00:00,96009.4,17.0,-0.07674378627244244,신호,상승
2024-12-05 00:00:00+00:00,98628.2,2024-12-06 00:00:00+00:00,96931.8,6.0,-0.09443954467383522,신호,상승
2024-12-16 00:00:00+00:00,104508.0,2024-12-18 04:00:00+00:00,104752.4,13.0,0.0014346997359046699,신호,상승
2025-01-16 00:00:00+00:00,100023.9,2025-01-20 00:00:00+00:00,101331.8,24.0,0.05233360876750544,신호,상승
2025-01-20 08:00:00+00:00,107205.8,2025-01-23 04:00:00+00:00,102454.2,17.0,-0.23270601637224875,신호,상승
2025-01-30 04:00:00+00:00,105207.2,2025-01-31 20:00:00+00:00,102300.2,10.0,-0.14755923453908124,신호,상승
2025-03-20 00:00:00+00:00,86114.9,2025-03-21 00:00:00+00:00,84223.4,6.0,-0.11824732305326947,신호,하락
2025-04-21 04:00:00+00:00,87216.7,2025-05-03 04:00:00+00:00,96280.2,72.0,0.49423287340612465,신호,하락
2025-05-07 00:00:00+00:00,96782.0,2025-05-12 16:00:00+00:00,102480.1,34.0,0.27867202217354525,신호,상승
2025-05-18 16:00:00+00:00,104542.7,2025-05-19 08:00:00+00:00,103166.7,4.0,-0.0737643623131986,신호,상승
2025-05-21 16:00:00+00:00,108197.8,2025-05-23 12:00:00+00:00,109053.3,11.0,0.029756401701328223,신호,상승
2025-05-26 04:00:00+00:00,109459.6,2025-05-28 16:00:00+00:00,107067.0,15.0,-0.11996496058819914,신호,상승
2025-06-10 00:00:00+00:00,110220.0,2025-06-12 04:00:00+00:00,107826.7,13.0,-0.11874322672836135,신호,상승
2025-06-25 12:00:00+00:00,106839.0,2025-07-01 00:00:00+00:00,107081.9,33.0,-0.003890385533373046,신호,상승
2025-07-07 00:00:00+00:00,109116.3,2025-07-08 00:00:00+00:00,108210.0,6.0,-0.050000013746800825,신호,상승
2025-07-09 20:00:00+00:00,111710.9,2025-07-15 04:00:00+00:00,117242.3,32.0,0.23240325339783388,신호,상승
2025-07-21 08:00:00+00:00,118994.2,2025-07-25 04:00:00+00:00,115430.2,23.0,-0.1624003695138085,신호,상승
2025-07-27 16:00:00+00:00,118627.6,2025-07-29 00:00:00+00:00,118099.1,8.0,-0.03125999893785239,신호,상승
2025-08-11 00:00:00+00:00,119205.6,2025-08-14 16:00:00+00:00,118213.9,22.0,-0.05406708283839088,신호,상승
2025-09-11 04:00:00+00:00,114318.0,2025-09-19 12:00:00+00:00,116358.2,50.0,0.06967107804545218,신호,하락
2025-10-02 00:00:00+00:00,118560.4,2025-10-07 16:00:00+00:00,121804.4,34.0,0.12121213997253752,신호,횡보
2026-01-04 04:00:00+00:00,91194.6,2026-01-06 20:00:00+00:00,92062.4,16.0,0.0365462658973221,신호,하락
2026-01-12 04:00:00+00:00,91778.7,2026-01-16 16:00:00+00:00,94549.8,27.0,0.13711072422032544,신호,하락
2026-03-04 12:00:00+00:00,71088.4,2026-03-05 20:00:00+00:00,70885.2,8.0,-0.023282060082938927,신호,하락
2026-03-13 04:00:00+00:00,71312.6,2026-03-18 12:00:00+00:00,72913.5,32.0,0.09716666970493218,신호,하락
2026-04-08 00:00:00+00:00,71904.7,2026-04-12 04:00:00+00:00,71557.6,25.0,-0.03736921821522034,신호,상승
2026-04-14 00:00:00+00:00,74385.4,2026-04-15 08:00:00+00:00,73706.9,8.0,-0.05457514310603985,신호,상승
2026-04-17 12:00:00+00:00,75539.9,2026-04-18 20:00:00+00:00,75609.8,8.0,-0.00437654471345567,신호,상승
2026-04-20 20:00:00+00:00,76221.5,2026-04-21 20:00:00+00:00,74985.7,6.0,-0.08950961933312783,신호,상승
2026-04-22 04:00:00+00:00,77493.8,2026-04-27 16:00:00+00:00,76758.1,33.0,-0.06268508577460363,신호,상승
2026-05-04 04:00:00+00:00,80284.7,2026-05-07 16:00:00+00:00,79862.1,21.0,-0.038550414649365775,신호,상승
2026-05-09 20:00:00+00:00,80659.9,2026-05-12 16:00:00+00:00,80286.9,17.0,-0.03435558902255048,신호,상승
2026-07-19 00:00:00+00:00,64647.0,2026-07-20 00:00:00+00:00,64700.1,6.0,-0.0043959557288042565,신호,하락
2026-07-21 08:00:00+00:00,66160.0,2026-07-23 08:00:00+00:00,65408.4,12.0,-0.06676193168077392,신호,하락
2026-07-27 00:00:00+00:00,64971.2,2026-07-28 00:00:00+00:00,63727.4,6.0,-0.10415233057108322,신호,하락
2026-08-18 16:00:00+00:00,64828.0,2026-08-23 08:00:00+00:00,76030.0,28.0,0.8493737428271729,신호,횡보
2026-08-24 12:00:00+00:00,78091.6,2026-08-28 16:00:00+00:00,78294.1,25.0,-0.0002935328511647966,신호,상승
2026-09-03 16:00:00+00:00,81319.9,2026-09-07 16:00:00+00:00,78794.6,24.0,-0.16816080873193337,신호,상승
