,0_원본,1_옛엔진_새정렬,2_엔진수정,3_전략변경_VT40,1_원본_7배,2_엔진수정_7배,1_원본_10배,2_엔진수정_10배
순수익%,2358.6,2021.3,2018.4,1037.6,-100.0,1831.1,-100.0,-100.0
CAGR%,78.5,73.8,73.7,55.2,-100.0,70.8,-100.0,-100.0
MDD_일별%,-59.3,-62.8,-62.8,-28.3,-100.0,-76.5,-100.0,-100.0
MDD_4h%,-62.0,-64.7,-64.7,-29.0,-100.0,-78.0,-100.0,-100.0
Calmar,1.32,1.17,1.17,1.96,-1.0,0.93,-1.0,-1.0
Sharpe_표준,1.05,1.02,1.02,1.18,-0.09,1.03,0.08,1.09
Sharpe_탐색,1.11,1.04,1.04,1.12,-0.09,1.03,0.08,1.01
Sharpe_검증,0.98,0.99,0.99,1.24,0.0,1.02,0.0,1.3
거래,104.0,117.0,117.0,117.0,13.0,117.0,13.0,81.0
승률%,38.5,35.9,35.9,35.9,23.1,35.9,23.1,37.0
평균순이익%,6.09,5.47,5.46,2.47,-2.02,7.65,0.41,13.31
평균이익%,30.22,31.17,31.14,10.6,76.0,43.6,108.57,71.2
평균손실%,-8.99,-8.92,-8.92,-2.07,-25.43,-12.48,-32.04,-20.75
profit_factor,2.1,1.96,1.96,2.86,0.9,1.96,1.02,2.02
최대연속손실,6.0,10.0,10.0,10.0,6.0,10.0,6.0,6.0
상위5제외_누적%,-14.8,-26.5,-26.5,145.9,-100.0,-72.3,-100.0,-100.0
롱,104.0,117.0,117.0,117.0,13.0,117.0,13.0,81.0
숏,0.0,0.0,0.0,0.0,0.0,0.0,0.0,0.0
강제청산,0.0,0.0,0.0,0.0,1.0,0.0,1.0,1.0
청산_시가불명,,,0.0,0.0,,0.0,,0.0
미청산_평가%,,,0.0,0.0,,0.0,,0.0
미청산_강제종료%,,,,,,,,
회전율_회년,18.8,21.2,21.2,21.2,2.4,21.2,2.4,14.7
