comparison,segment,cost,fund_per4h,block,B,n_days,trades_base,trades_cand,stat,est,p,mcse,ci_pct_lo,ci_pct_hi,ci_basic_lo,ci_basic_hi,boot_sd,t
Bitstamp 1x BUF2 vs BUF0,full,0.0007,5e-05,20,20000,3905,255.0,251.0,dSh_cv,0.040463146140491846,0.20298985050747462,0.002844160430587801,-0.047874875535994565,0.14905411523163745,-0.06812782295065375,0.12880116781697826,0.05060531210271507,
Bitstamp 1x BUF2 vs BUF0,full,0.0007,5e-05,20,20000,3905,255.0,251.0,dSh_std,0.02772779912963297,0.20758962051897406,0.002867892693004416,-0.032202466035581044,0.10409805123518187,-0.048642452975915934,0.08765806429484699,0.03516665474625021,
Bitstamp 1x BUF2 vs BUF0,full,0.0007,5e-05,20,20000,3905,255.0,251.0,dMlog,0.011630032009581959,0.17589120543972803,0.002692150527818675,-0.009891388709621285,0.039065107101296494,-0.015805043082132576,0.033151452728785204,0.012652289120313543,
Bitstamp 1x BUF2 vs BUF0,full,0.0007,5e-05,20,20000,3905,255.0,251.0,dMlog_student,0.01163003200958209,0.10644467776611169,0.0021807591377933093,,,,,,1.0102739760182768
Bitstamp 1x BUF2 vs BUF0,pre-2021-03 (OKX 비중첩),0.0007,5e-05,20,20000,1886,255.0,251.0,dSh_cv,0.011845439414666536,0.4008299585020749,0.003465294380491359,-0.12121381583015912,0.18974651206407867,-0.1660556332347456,0.14490469465949218,0.08078480198231314,
Bitstamp 1x BUF2 vs BUF0,pre-2021-03 (OKX 비중첩),0.0007,5e-05,20,20000,1886,255.0,251.0,dSh_std,0.0056842973361719284,0.4072796360181991,0.0034742116667172305,-0.06408447259771358,0.10550634816967211,-0.09413775349732825,0.07545306727005743,0.04362944558785969,
Bitstamp 1x BUF2 vs BUF0,pre-2021-03 (OKX 비중첩),0.0007,5e-05,20,20000,1886,255.0,251.0,dMlog,0.004691485686760699,0.35703214839258035,0.0033879211428747783,-0.024992505908812225,0.04861925897381564,-0.03923628760029424,0.03437547728233362,0.019325060342889944,
Bitstamp 1x BUF2 vs BUF0,pre-2021-03 (OKX 비중첩),0.0007,5e-05,20,20000,1886,255.0,251.0,dMlog_student,0.00469148568676071,0.3328833558322084,0.003332206680580421,,,,,,0.29856057288221993
Bitstamp 1x BUF2 vs BUF0,2021-03~ (OKX 중첩),0.0007,5e-05,20,20000,2019,255.0,251.0,dSh_cv,0.07906779489359173,0.15379231038448077,0.0025508845098424614,-0.04265697762532784,0.2524121528113203,-0.09427656302413684,0.20079256741251128,0.07611117175693337,
Bitstamp 1x BUF2 vs BUF0,2021-03~ (OKX 중첩),0.0007,5e-05,20,20000,2019,255.0,251.0,dSh_std,0.06956947820958148,0.15414229288535572,0.002553257198456522,-0.036190197822958584,0.2255182415872124,-0.08637928516804944,0.17532915424212153,0.06755114802888104,
Bitstamp 1x BUF2 vs BUF0,2021-03~ (OKX 중첩),0.0007,5e-05,20,20000,2019,255.0,251.0,dMlog,0.018111507177903358,0.13909304534773262,0.0024468977306338962,-0.008017990259752462,0.055721310036202794,-0.01949829568039608,0.044241004615559174,0.016458128880152113,
Bitstamp 1x BUF2 vs BUF0,2021-03~ (OKX 중첩),0.0007,5e-05,20,20000,2019,255.0,251.0,dMlog_student,0.01811150717790337,0.0463976801159942,0.0014873623532254687,,,,,,1.271712016743312
Bitstamp 1x BUF1 vs BUF0,full,0.0007,5e-05,20,20000,3905,,,dSh_cv,0.03908503572470634,0.2007899605019749,0.002832607917305096,-0.043470397883122264,0.1459607943925935,-0.06779072294318081,0.12164046933253495,0.04875749297347072,
Bitstamp 1x BUF1 vs BUF0,full,0.0007,5e-05,20,20000,3905,,,dSh_std,0.026801648458751437,0.2063396830158492,0.0028614997661083955,-0.029748438931031677,0.10112349134403567,-0.0475201944265328,0.08335173584853456,0.033856637655880484,
Bitstamp 1x BUF1 vs BUF0,full,0.0007,5e-05,20,20000,3905,,,dMlog,0.010722978221526014,0.18494075296235188,0.0027453385115142922,-0.009732561723618497,0.037751725312814934,-0.016305768869762906,0.031178518166670527,0.012247084363744875,
Bitstamp 1x BUF1 vs BUF0,full,0.0007,5e-05,20,20000,3905,,,dMlog_student,0.010722978221526116,0.1143442827858607,0.002250218520278062,,,,,,0.9627028305807187
Bitstamp 1x BUF3 vs BUF0,full,0.0007,5e-05,20,20000,3905,,,dSh_cv,0.04662292588151584,0.17649117544122794,0.0026957562986349645,-0.04198792039299892,0.1560448282582182,-0.06279897649518651,0.1352337721560306,0.05093349083844718,
Bitstamp 1x BUF3 vs BUF0,full,0.0007,5e-05,20,20000,3905,,,dSh_std,0.03193275827412467,0.18104094795260237,0.0027227295414438933,-0.028612779047936136,0.10929741136046417,-0.045431894812214824,0.09247829559618548,0.03538794696135895,
Bitstamp 1x BUF3 vs BUF0,full,0.0007,5e-05,20,20000,3905,,,dMlog,0.013114112885135087,0.15089245537723114,0.0025310464465064784,-0.008587019810412237,0.04088563542326264,-0.014657409652992462,0.034815245580682413,0.012719757856387225,
Bitstamp 1x BUF3 vs BUF0,full,0.0007,5e-05,20,20000,3905,,,dMlog_student,0.013114112885135105,0.07889605519724013,0.0019061934276399413,,,,,,1.1287747108392834
Bitstamp 1x BUF2 vs BUF0,full,0.0007,0.0,20,5000,3905,255.0,251.0,dSh_cv,0.04405298518467382,0.19376124775044992,0.005589594379212837,-0.04673834836055862,0.1576538022944478,-0.06954783192510017,0.13484431872990627,0.05257689171213312,
Bitstamp 1x BUF2 vs BUF0,full,0.0007,0.0,20,5000,3905,255.0,251.0,dSh_std,0.02922510225115027,0.19616076784643072,0.00561572294552232,-0.031114111919571436,0.10490839222165925,-0.04645818771935871,0.08956431642187197,0.035480215461900055,
Bitstamp 1x BUF2 vs BUF0,full,0.0007,0.0,20,5000,3905,255.0,251.0,dMlog,0.01222606536735621,0.16416716656668667,0.00523863165317342,-0.009493242474217579,0.040093004151661664,-0.015640873416949246,0.03394537320893,0.01274690971419428,
Bitstamp 1x BUF2 vs BUF0,full,0.0007,0.0,20,5000,3905,255.0,251.0,dMlog_student,0.012226065367356214,0.10437912417516497,0.004323982484043858,,,,,,1.0583988084380662
Bitstamp 1x BUF2 vs BUF0,pre-2021-03 (OKX 비중첩),0.0007,0.0,20,5000,1886,255.0,251.0,dSh_cv,0.013944634936993605,0.3835232953409318,0.006876527863271757,-0.12405131050245455,0.19458507972418265,-0.16669580985019544,0.15194058037644176,0.0830136679686927,
Bitstamp 1x BUF2 vs BUF0,pre-2021-03 (OKX 비중첩),0.0007,0.0,20,5000,1886,255.0,251.0,dSh_std,0.006427667659323122,0.3905218956208758,0.006899486135380715,-0.06373449222401643,0.10234148001026966,-0.08948614469162341,0.07658982754266268,0.04308834724332744,
Bitstamp 1x BUF2 vs BUF0,pre-2021-03 (OKX 비중첩),0.0007,0.0,20,5000,1886,255.0,251.0,dMlog,0.005114934980391284,0.33773245350929815,0.006688336764187161,-0.024678169122715782,0.048097812854626304,-0.03786794289384374,0.03490803908349835,0.01909931147451413,
Bitstamp 1x BUF2 vs BUF0,pre-2021-03 (OKX 비중첩),0.0007,0.0,20,5000,1886,255.0,251.0,dMlog_student,0.005114934980391272,0.32013597280543893,0.0065977106896461316,,,,,,0.327072101522479
Bitstamp 1x BUF2 vs BUF0,2021-03~ (OKX 중첩),0.0007,0.0,20,5000,2019,255.0,251.0,dSh_cv,0.08416072913002948,0.15016996600679863,0.005052107427921848,-0.04149541003719586,0.2655374498701427,-0.09721599161008376,0.20981686829725482,0.07875788258272007,
Bitstamp 1x BUF2 vs BUF0,2021-03~ (OKX 중첩),0.0007,0.0,20,5000,2019,255.0,251.0,dSh_std,0.07213521154584956,0.14877024595080984,0.005032646617249127,-0.03511640250483581,0.23107001204939076,-0.08679958895769163,0.17938682559653493,0.06824430726679395,
Bitstamp 1x BUF2 vs BUF0,2021-03~ (OKX 중첩),0.0007,0.0,20,5000,2019,255.0,251.0,dMlog,0.018868755763500694,0.13597280543891221,0.004847353950764972,-0.0076754366798214855,0.057329573072334813,-0.019592061545333425,0.04541294820682287,0.016660222253592392,
Bitstamp 1x BUF2 vs BUF0,2021-03~ (OKX 중첩),0.0007,0.0,20,5000,2019,255.0,251.0,dMlog_student,0.01886875576350071,0.04539092181563687,0.002943826966122962,,,,,,1.3139150383465437
Bitstamp 1x BUF2 vs BUF0,full,0.001,5e-05,20,5000,3905,255.0,251.0,dSh_cv,0.04096951257599124,0.19976004799040192,0.0056543075830250734,-0.04706940194909966,0.1499019739840877,-0.06796294883210521,0.12900842710108212,0.05045247272143307,
Bitstamp 1x BUF2 vs BUF0,full,0.001,5e-05,20,5000,3905,255.0,251.0,dSh_std,0.02856322659206234,0.20275944811037794,0.005685913370995954,-0.03189414406480183,0.1049062279852511,-0.04777977480112641,0.08902059724892651,0.03555574525103748,
Bitstamp 1x BUF2 vs BUF0,full,0.001,5e-05,20,5000,3905,255.0,251.0,dMlog,0.011857854575148097,0.17336532693461307,0.0053536864000699146,-0.009942942123385418,0.03988318567983705,-0.016167476529540856,0.03365865127368161,0.01278880051413677,
Bitstamp 1x BUF2 vs BUF0,full,0.001,5e-05,20,5000,3905,255.0,251.0,dMlog_student,0.011857854575148185,0.11397720455908818,0.0044941384357846375,,,,,,1.021924404871882
Bitstamp 1x BUF2 vs BUF0,pre-2021-03 (OKX 비중첩),0.001,5e-05,20,5000,1886,255.0,251.0,dSh_cv,0.012233672073746815,0.3899220155968806,0.00689757692743976,-0.1198470697103089,0.18414200341914921,-0.15967465927165558,0.14431441385780253,0.07946121956682292,
Bitstamp 1x BUF2 vs BUF0,pre-2021-03 (OKX 비중첩),0.001,5e-05,20,5000,1886,255.0,251.0,dSh_std,0.006059041140147325,0.39492101579684064,0.006913152784060717,-0.06443852847575432,0.10242885719332466,-0.09031077491303001,0.07655661075604897,0.04325976706664226,
Bitstamp 1x BUF2 vs BUF0,pre-2021-03 (OKX 비중첩),0.001,5e-05,20,5000,1886,255.0,251.0,dMlog,0.004809104621985472,0.34833033393321333,0.006737897482081327,-0.025251348173124813,0.048065804936095934,-0.03844759569212499,0.034869557417095756,0.019232715904876876,
Bitstamp 1x BUF2 vs BUF0,pre-2021-03 (OKX 비중첩),0.001,5e-05,20,5000,1886,255.0,251.0,dMlog_student,0.0048091046219855115,0.3317336532693461,0.006658625031610045,,,,,,0.30406621774796155
Bitstamp 1x BUF2 vs BUF0,2021-03~ (OKX 중첩),0.001,5e-05,20,5000,2019,255.0,251.0,dSh_cv,0.08004197543739011,0.15436912617476506,0.005109585091938572,-0.04165366345377302,0.2545544689073741,-0.09447051803259388,0.20173761432855325,0.07617178552133495,
Bitstamp 1x BUF2 vs BUF0,2021-03~ (OKX 중첩),0.001,5e-05,20,5000,2019,255.0,251.0,dSh_std,0.07145655422067787,0.15296940611877624,0.005090574955944468,-0.0359627505021087,0.23119697962188457,-0.08828387118052883,0.17887585894346444,0.06860055749068524,
Bitstamp 1x BUF2 vs BUF0,2021-03~ (OKX 중첩),0.001,5e-05,20,5000,2019,255.0,251.0,dMlog,0.018442273798360262,0.14197160567886422,0.004935902528612763,-0.008096446100463476,0.05650284183028814,-0.019618294233567618,0.044980993697184,0.01666623836763159,
Bitstamp 1x BUF2 vs BUF0,2021-03~ (OKX 중첩),0.001,5e-05,20,5000,2019,255.0,251.0,dMlog_student,0.018442273798360248,0.05038992201559688,0.0030935668014400123,,,,,,1.2794502065923665
Bitstamp 1x BUF2 vs BUF0,full,0.001,0.0,20,5000,3905,255.0,251.0,dSh_cv,0.044532883129550394,0.1889622075584883,0.005536343408299581,-0.045697893171384535,0.15746746349435492,-0.06840169723525413,0.13476365943048532,0.052207187050617256,
Bitstamp 1x BUF2 vs BUF0,full,0.001,0.0,20,5000,3905,255.0,251.0,dSh_std,0.030060345844751257,0.19196160767846432,0.0055697818423339285,-0.030897640484438233,0.10645936204934622,-0.04633867035984371,0.09101833217394074,0.035768469653992,
Bitstamp 1x BUF2 vs BUF0,full,0.001,0.0,20,5000,3905,255.0,251.0,dMlog,0.012454240525736349,0.16156768646270747,0.0052050661696811445,-0.009371148786650414,0.04048657505263864,-0.015578094001165943,0.03427962983812311,0.012843473521197772,
Bitstamp 1x BUF2 vs BUF0,full,0.001,0.0,20,5000,3905,255.0,251.0,dMlog_student,0.012454240525736423,0.10177964407118577,0.004275992238625522,,,,,,1.069708012128886
Bitstamp 1x BUF2 vs BUF0,pre-2021-03 (OKX 비중첩),0.001,0.0,20,5000,1886,255.0,251.0,dSh_cv,0.014314172763874922,0.38032393521295743,0.006865531873308689,-0.12134815450037958,0.1936489870494169,-0.16502064152166707,0.14997650002812943,0.08220229313724761,
Bitstamp 1x BUF2 vs BUF0,pre-2021-03 (OKX 비중첩),0.001,0.0,20,5000,1886,255.0,251.0,dSh_std,0.006800772689845358,0.3879224155168966,0.006891133652113168,-0.06352064198613998,0.10363533865316713,-0.09003379327347641,0.0771221873658307,0.043336898489240216,
Bitstamp 1x BUF2 vs BUF0,pre-2021-03 (OKX 비중첩),0.001,0.0,20,5000,1886,255.0,251.0,dMlog,0.005232810587609493,0.3369326134773045,0.006684445039831771,-0.024624966036974803,0.04846746695604386,-0.038001845780824876,0.03509058721219379,0.019217405440207683,
Bitstamp 1x BUF2 vs BUF0,pre-2021-03 (OKX 비중첩),0.001,0.0,20,5000,1886,255.0,251.0,dMlog_student,0.005232810587609529,0.3183363327334533,0.006587842013820146,,,,,,0.33246020211987837
Bitstamp 1x BUF2 vs BUF0,2021-03~ (OKX 중첩),0.001,0.0,20,5000,2019,255.0,251.0,dSh_cv,0.0851043947014255,0.14757048590281943,0.005015843649740793,-0.03988395014409409,0.26603957563084013,-0.09583078622798913,0.2100927395469451,0.07857222122834531,
Bitstamp 1x BUF2 vs BUF0,2021-03~ (OKX 중첩),0.001,0.0,20,5000,2019,255.0,251.0,dSh_std,0.07402825054179607,0.14737052589482103,0.00501303209629272,-0.03431618542657434,0.23479321259817876,-0.08673671151458662,0.18237268651016647,0.06905307936271954,
Bitstamp 1x BUF2 vs BUF0,2021-03~ (OKX 중첩),0.001,0.0,20,5000,2019,255.0,251.0,dMlog,0.01919996457888551,0.1349730053989202,0.00483229331089294,-0.007605802747170884,0.05786919501454111,-0.019469265856770092,0.0460057319049419,0.01681361543155576,
Bitstamp 1x BUF2 vs BUF0,2021-03~ (OKX 중첩),0.001,0.0,20,5000,2019,255.0,251.0,dMlog_student,0.019199964578885516,0.04379124175164967,0.00289390977390444,,,,,,1.3213273059746675
Bitstamp 1x BUF2 vs BUF0,full,0.002,5e-05,20,5000,3905,255.0,251.0,dSh_cv,0.0424896079242818,0.1873625274945011,0.005518293409839194,-0.043174817847268,0.14877343026546014,-0.06379421441689653,0.12815403369583162,0.049235876568461776,
Bitstamp 1x BUF2 vs BUF0,full,0.002,5e-05,20,5000,3905,255.0,251.0,dSh_std,0.031321536238891445,0.1877624475104979,0.005522820127713113,-0.031043674017087578,0.11026053075067979,-0.0476174582728969,0.09368674649487047,0.036476069380176716,
Bitstamp 1x BUF2 vs BUF0,full,0.002,5e-05,20,5000,3905,255.0,251.0,dMlog,0.012618266950186752,0.16396720655868827,0.0052360664956058135,-0.009768704807857465,0.04132037946886809,-0.016083845568494584,0.03500523870823097,0.013114409589540476,
Bitstamp 1x BUF2 vs BUF0,full,0.002,5e-05,20,5000,3905,255.0,251.0,dMlog_student,0.012618266950186786,0.10457908418316336,0.004327639063844724,,,,,,1.0585658254944192
Bitstamp 1x BUF2 vs BUF0,pre-2021-03 (OKX 비중첩),0.002,5e-05,20,5000,1886,255.0,251.0,dSh_cv,0.013447746422228013,0.3817236552689462,0.0068703814490472205,-0.11421814159251414,0.18116524088306216,-0.15426974803860613,0.14111363443697017,0.07684266278234092,
Bitstamp 1x BUF2 vs BUF0,pre-2021-03 (OKX 비중첩),0.002,5e-05,20,5000,1886,255.0,251.0,dSh_std,0.0073161251209057365,0.385122975404919,0.006881907718360966,-0.0635457531933325,0.10565902983196543,-0.09102677959015396,0.07817800343514397,0.04404887490308102,
Bitstamp 1x BUF2 vs BUF0,pre-2021-03 (OKX 비중첩),0.002,5e-05,20,5000,1886,255.0,251.0,dMlog,0.005201685195772576,0.3405318936212757,0.006701789657218195,-0.025384471364878116,0.049336044195614666,-0.03893267380406951,0.03578784175642327,0.019628722042777495,
Bitstamp 1x BUF2 vs BUF0,pre-2021-03 (OKX 비중첩),0.002,5e-05,20,5000,1886,255.0,251.0,dMlog_student,0.005201685195772603,0.3235352929414117,0.006616044243545029,,,,,,0.3216534566136992
Bitstamp 1x BUF2 vs BUF0,2021-03~ (OKX 중첩),0.002,5e-05,20,5000,2019,255.0,251.0,dSh_cv,0.08285388879490296,0.14457108578284344,0.004973334634597056,-0.03698076257520656,0.2554239412707775,-0.08971616368097157,0.20268854016501248,0.07542257868607818,
Bitstamp 1x BUF2 vs BUF0,2021-03~ (OKX 중첩),0.002,5e-05,20,5000,2019,255.0,251.0,dSh_std,0.07753210800908816,0.14417116576684663,0.004967611915765463,-0.03338674357922859,0.2426121461047113,-0.08754793008653497,0.18845095959740493,0.0711108965087975,
Bitstamp 1x BUF2 vs BUF0,2021-03~ (OKX 중첩),0.002,5e-05,20,5000,2019,255.0,251.0,dMlog,0.01954628735079357,0.13517296540691862,0.004835312499312089,-0.007929545385475172,0.05890505705182276,-0.019812482350235618,0.047022120087062316,0.01718656351826183,
Bitstamp 1x BUF2 vs BUF0,2021-03~ (OKX 중첩),0.002,5e-05,20,5000,2019,255.0,251.0,dMlog_student,0.01954628735079355,0.04799040191961608,0.0030228239526379893,,,,,,1.3026701386690744
Bitstamp 1x BUF2 vs BUF0,full,0.002,0.0,20,5000,3905,255.0,251.0,dSh_cv,0.04596477515891695,0.17796440711857628,0.005409123347040811,-0.04232328033021749,0.15616054378824282,-0.06423099347040892,0.13425283064805138,0.050960496165618825,
Bitstamp 1x BUF2 vs BUF0,full,0.002,0.0,20,5000,3905,255.0,251.0,dSh_std,0.032819022948834764,0.17876424715056988,0.005418626967992166,-0.02988849972683353,0.11188813433157864,-0.04625008843390911,0.09552654562450305,0.036709902785705815,
Bitstamp 1x BUF2 vs BUF0,full,0.002,0.0,20,5000,3905,255.0,251.0,dMlog,0.01321583123031772,0.15376924615076984,0.0051014559703871564,-0.009266098412019723,0.04196169147142672,-0.015530029010791278,0.035697760872655165,0.013169146961115439,
Bitstamp 1x BUF2 vs BUF0,full,0.002,0.0,20,5000,3905,255.0,251.0,dMlog_student,0.013215831230317719,0.09358128374325135,0.004118830588315485,,,,,,1.105219113869097
Bitstamp 1x BUF2 vs BUF0,pre-2021-03 (OKX 비중첩),0.002,0.0,20,5000,1886,255.0,251.0,dSh_cv,0.015467140344726849,0.370125974805039,0.006828363458101196,-0.11537010324804817,0.18957242098185498,-0.15863814029240128,0.14630438393750186,0.07951849981264658,
Bitstamp 1x BUF2 vs BUF0,pre-2021-03 (OKX 비중첩),0.002,0.0,20,5000,1886,255.0,251.0,dSh_std,0.008053104812665746,0.37772445510897823,0.0068563647966193245,-0.06275239091975174,0.1067831788341465,-0.090676969208815,0.07885860054508323,0.044147762476228376,
Bitstamp 1x BUF2 vs BUF0,pre-2021-03 (OKX 비중첩),0.002,0.0,20,5000,1886,255.0,251.0,dMlog,0.005626248986316362,0.33033393321335736,0.006651517507774455,-0.024719072741973477,0.04980495480359057,-0.03855245683095784,0.0359715707146062,0.019613874091606406,
Bitstamp 1x BUF2 vs BUF0,pre-2021-03 (OKX 비중첩),0.002,0.0,20,5000,1886,255.0,251.0,dMlog_student,0.0056262489863163866,0.3119376124775045,0.006551832391008468,,,,,,0.3496393653242947
Bitstamp 1x BUF2 vs BUF0,2021-03~ (OKX 중첩),0.002,0.0,20,5000,2019,255.0,251.0,dSh_cv,0.087813190447178,0.1375724855028994,0.004871268761533363,-0.03594430826272367,0.2661293587692351,-0.0905029778748791,0.21157068915707966,0.07781550701188977,
Bitstamp 1x BUF2 vs BUF0,2021-03~ (OKX 중첩),0.002,0.0,20,5000,2019,255.0,251.0,dSh_std,0.08012697964248294,0.13797240551889622,0.004877212745702723,-0.03181424710378701,0.24625808699419804,-0.08600412770923216,0.19206820638875288,0.07162773189574248,
Bitstamp 1x BUF2 vs BUF0,2021-03~ (OKX 중첩),0.002,0.0,20,5000,2019,255.0,251.0,dMlog,0.020305455852499557,0.12837432513497302,0.004730631200613999,-0.007383068533998559,0.06022876653173981,-0.019617854826740694,0.047993980238997674,0.017332542561236126,
Bitstamp 1x BUF2 vs BUF0,2021-03~ (OKX 중첩),0.002,0.0,20,5000,2019,255.0,251.0,dMlog_student,0.020305455852499578,0.04019196160767846,0.002777645327604133,,,,,,1.3434846070729614
Bitstamp 1x BUF2 vs BUF0,full,0.003,5e-05,20,5000,3905,255.0,251.0,dSh_cv,0.0437581843171182,0.17596480703859227,0.005385186973958532,-0.039516597181413766,0.1473491618650464,-0.059832793230810005,0.12703296581565016,0.047999402292461524,
Bitstamp 1x BUF2 vs BUF0,full,0.003,5e-05,20,5000,3905,255.0,251.0,dSh_std,0.03402954406423331,0.17556488702259548,0.00538036908524571,-0.029618775436414512,0.11482394658807592,-0.0467648584596093,0.09767786356488113,0.03736314638634879,
Bitstamp 1x BUF2 vs BUF0,full,0.003,5e-05,20,5000,3905,255.0,251.0,dMlog,0.013380228491796431,0.15616876624675066,0.005133811112530698,-0.009680496805641129,0.04279263438579978,-0.016032177402206915,0.03644095378923399,0.013445611267116962,
Bitstamp 1x BUF2 vs BUF0,full,0.003,5e-05,20,5000,3905,255.0,251.0,dMlog_student,0.013380228491796303,0.09818036392721456,0.004208110741564064,,,,,,1.0920015930778952
Bitstamp 1x BUF2 vs BUF0,pre-2021-03 (OKX 비중첩),0.003,5e-05,20,5000,1886,255.0,251.0,dSh_cv,0.014540941421589126,0.3697260547890422,0.006826839667066634,-0.10883048947536841,0.17671167412244848,-0.14762979127927023,0.13791237231854667,0.07425906251451304,
Bitstamp 1x BUF2 vs BUF0,pre-2021-03 (OKX 비중첩),0.003,5e-05,20,5000,1886,255.0,251.0,dSh_std,0.008581059809817937,0.3749250149970006,0.006846258074693058,-0.06279688018336066,0.1084362520312803,-0.09127413241164442,0.07995899980299653,0.04480985518877352,
Bitstamp 1x BUF2 vs BUF0,pre-2021-03 (OKX 비중첩),0.003,5e-05,20,5000,1886,255.0,251.0,dMlog,0.005595064341482492,0.33353329334133175,0.006667665792077717,-0.025599406209887834,0.050697466787516764,-0.03950733810455178,0.03678953489285282,0.020028942417146114,
Bitstamp 1x BUF2 vs BUF0,pre-2021-03 (OKX 비중첩),0.003,5e-05,20,5000,1886,255.0,251.0,dMlog_student,0.005595064341482492,0.3145370925814837,0.0065666355155722,,,,,,0.3380884911798006
Bitstamp 1x BUF2 vs BUF0,2021-03~ (OKX 중첩),0.003,5e-05,20,5000,2019,255.0,251.0,dSh_cv,0.08501316069664358,0.13517296540691862,0.004835312499312089,-0.03366377016708278,0.2551992197260498,-0.08517289833276265,0.20369009156036993,0.07446646212297219,
Bitstamp 1x BUF2 vs BUF0,2021-03~ (OKX 중첩),0.003,5e-05,20,5000,2019,255.0,251.0,dSh_std,0.08325108480781013,0.13697260547890422,0.0048623268262679474,-0.031326824882774384,0.25317636285203327,-0.08667419323641301,0.19782899449839464,0.07341908850365418,
Bitstamp 1x BUF2 vs BUF0,2021-03~ (OKX 중첩),0.003,5e-05,20,5000,2019,255.0,251.0,dMlog,0.020652551219628036,0.12837432513497302,0.004730631200613999,-0.007739913905265495,0.061240720071587686,-0.019935617632331613,0.04904501634452157,0.017717933035125293,
Bitstamp 1x BUF2 vs BUF0,2021-03~ (OKX 중첩),0.003,5e-05,20,5000,2019,255.0,251.0,dMlog_student,0.020652551219628033,0.04499100179964007,0.002931443724743999,,,,,,1.322360310088537
Bitstamp 1x BUF2 vs BUF0,full,0.003,0.0,20,5000,3905,255.0,251.0,dSh_cv,0.047144997374655495,0.16576684663067387,0.005259053131292676,-0.03887196992084224,0.1545924983249642,-0.0603025035756532,0.13316196467015323,0.04969209731605266,
Bitstamp 1x BUF2 vs BUF0,full,0.003,0.0,20,5000,3905,255.0,251.0,dSh_std,0.03552866294155976,0.16776644671065788,0.005284332806868581,-0.028566926941862213,0.11685524984566696,-0.045797923962547435,0.09962425282498175,0.03761775976159852,
Bitstamp 1x BUF2 vs BUF0,full,0.003,0.0,20,5000,3905,255.0,251.0,dMlog,0.013978975769049662,0.14677064587082583,0.005004578371481188,-0.009085402797131737,0.04369920122946224,-0.015741249691362917,0.03704335433523106,0.013500394777988695,
Bitstamp 1x BUF2 vs BUF0,full,0.003,0.0,20,5000,3905,255.0,251.0,dMlog_student,0.013978975769049749,0.08738252349530094,0.003993665436235092,,,,,,1.1375394575049091
Bitstamp 1x BUF2 vs BUF0,pre-2021-03 (OKX 비중첩),0.003,0.0,20,5000,1886,255.0,251.0,dSh_cv,0.01650093737292968,0.36012797440511896,0.00678875270511432,-0.1104207724653786,0.1846566644885969,-0.15165478974273755,0.14342264721123796,0.07686847116095635,
Bitstamp 1x BUF2 vs BUF0,pre-2021-03 (OKX 비중첩),0.003,0.0,20,5000,1886,255.0,251.0,dSh_std,0.009314322929673713,0.3693261347730454,0.006825310849282217,-0.0620880848810207,0.10993085073054347,-0.09130220487119604,0.08071673074036813,0.044930208787806104,
Bitstamp 1x BUF2 vs BUF0,pre-2021-03 (OKX 비중첩),0.003,0.0,20,5000,1886,255.0,251.0,dMlog,0.00602048943712008,0.32213557288542294,0.0066085436454214825,-0.024914358628208323,0.05093722329724958,-0.03889624442300942,0.03695533750244848,0.02001454242898706,
Bitstamp 1x BUF2 vs BUF0,pre-2021-03 (OKX 비중첩),0.003,0.0,20,5000,1886,255.0,251.0,dMlog_student,0.006020489437119995,0.3031393721255749,0.006499936818045036,,,,,,0.3656445715282033
Bitstamp 1x BUF2 vs BUF0,2021-03~ (OKX 중첩),0.003,0.0,20,5000,2019,255.0,251.0,dSh_cv,0.08986556885077163,0.1289742051589682,0.004740039231115722,-0.03249560470095835,0.2652897986615126,-0.08555866095996933,0.2122267424025016,0.07684675855482323,
Bitstamp 1x BUF2 vs BUF0,2021-03~ (OKX 중첩),0.003,0.0,20,5000,2019,255.0,251.0,dSh_std,0.08587219753788294,0.13177364527094582,0.004783499799999008,-0.03007734282848479,0.2573110377250366,-0.08556664264927072,0.20182173790425068,0.07400007089355551,
Bitstamp 1x BUF2 vs BUF0,2021-03~ (OKX 중첩),0.003,0.0,20,5000,2019,255.0,251.0,dMlog,0.02141320321928198,0.122375524895021,0.004634646821532124,-0.007222852753309368,0.06251334516868938,-0.01968693873012542,0.05004925919187333,0.017862521964958068,
Bitstamp 1x BUF2 vs BUF0,2021-03~ (OKX 중첩),0.003,0.0,20,5000,2019,255.0,251.0,dMlog_student,0.021413203219281977,0.03819236152769446,0.0027104872273682585,,,,,,1.362145538354467
Bitstamp 1x BUF2 vs BUF0,full,0.005,5e-05,20,5000,3905,255.0,251.0,dSh_cv,0.045581763956198174,0.15496900619876025,0.005117687237737939,-0.03286454434301777,0.1447340249525515,-0.05357049704015515,0.12402807225541412,0.04547213043758478,
Bitstamp 1x BUF2 vs BUF0,full,0.005,5e-05,20,5000,3905,255.0,251.0,dSh_std,0.039250892476151766,0.15696860627874426,0.005144501198787941,-0.026938961720782837,0.12378218071213597,-0.045280395759832434,0.10544074667308637,0.03902221479213499,
Bitstamp 1x BUF2 vs BUF0,full,0.005,5e-05,20,5000,3905,255.0,251.0,dMlog,0.014908824405434479,0.14117176564687062,0.004924272499182304,-0.009242631941592623,0.04569204552817045,-0.015874396717301495,0.03906028075246158,0.014123524570501953,
Bitstamp 1x BUF2 vs BUF0,full,0.005,5e-05,20,5000,3905,255.0,251.0,dMlog_student,0.014908824405434522,0.08458308338332333,0.003935194668340897,,,,,,1.1501667441868393
Bitstamp 1x BUF2 vs BUF0,pre-2021-03 (OKX 비중첩),0.005,5e-05,20,5000,1886,255.0,251.0,dSh_cv,0.016378720521288637,0.3515296940611878,0.006752134007177812,-0.0979546451029213,0.16854310389825938,-0.1357856628556821,0.13071208614549856,0.06920564231275839,
Bitstamp 1x BUF2 vs BUF0,pre-2021-03 (OKX 비중첩),0.005,5e-05,20,5000,1886,255.0,251.0,dSh_std,0.011113189516032795,0.35112977404519097,0.006750372668588959,-0.06123757086390585,0.11492612628212585,-0.09269974725006026,0.08346394989597145,0.04624221876440596,
Bitstamp 1x BUF2 vs BUF0,pre-2021-03 (OKX 비중첩),0.005,5e-05,20,5000,1886,255.0,251.0,dMlog,0.006384231400441809,0.3197360527894421,0.0065955274138778195,-0.02589805651899231,0.05320182872431326,-0.040433365923429644,0.03866651931987593,0.020841336000957646,
Bitstamp 1x BUF2 vs BUF0,pre-2021-03 (OKX 비중첩),0.005,5e-05,20,5000,1886,255.0,251.0,dMlog_student,0.006384231400441889,0.3037392521495701,0.006503563928388649,,,,,,0.36767257858433683
Bitstamp 1x BUF2 vs BUF0,2021-03~ (OKX 중첩),0.005,5e-05,20,5000,2019,255.0,251.0,dSh_cv,0.08750409530962158,0.1225754849030194,0.004637903306534302,-0.0268586986403873,0.2506193063944304,-0.07561111577518725,0.20186688925963048,0.0719684938018822,
Bitstamp 1x BUF2 vs BUF0,2021-03~ (OKX 중첩),0.005,5e-05,20,5000,2019,255.0,251.0,dSh_std,0.09352868199971434,0.1227754449110178,0.004641155783593553,-0.027423122600024212,0.27225753374328077,-0.08520016974385208,0.2144804865994529,0.07738759279112807,
Bitstamp 1x BUF2 vs BUF0,2021-03~ (OKX 중첩),0.005,5e-05,20,5000,2019,255.0,251.0,dMlog,0.022871866707274494,0.12117576484703059,0.004615023268863717,-0.0073489232786752645,0.06546575990018719,-0.0197220264856382,0.05309265669322425,0.018810643857871807,
Bitstamp 1x BUF2 vs BUF0,2021-03~ (OKX 중첩),0.005,5e-05,20,5000,2019,255.0,251.0,dMlog_student,0.022871866707274494,0.041391721655668866,0.002817035570739159,,,,,,1.3531150054684797
Bitstamp 1x BUF2 vs BUF0,full,0.005,0.0,20,5000,3905,255.0,251.0,dSh_cv,0.048790662648286465,0.14757048590281943,0.005015843649740793,-0.03217248900808852,0.15138124488009363,-0.053799919583520706,0.12975381430466146,0.047095674357758105,
Bitstamp 1x BUF2 vs BUF0,full,0.005,0.0,20,5000,3905,255.0,251.0,dSh_std,0.04075575725617431,0.14897020595880825,0.0050354361021742395,-0.02584884970181874,0.12587354751498975,-0.04436203300264113,0.10736036421416735,0.03931667371994177,
Bitstamp 1x BUF2 vs BUF0,full,0.005,0.0,20,5000,3905,255.0,251.0,dMlog,0.015509951791097598,0.133373325334933,0.004808011676858432,-0.008721676362402918,0.04645616300052855,-0.015436259418333355,0.039741579944598114,0.014178355715770757,
Bitstamp 1x BUF2 vs BUF0,full,0.005,0.0,20,5000,3905,255.0,251.0,dMlog_student,0.015509951791097588,0.07338532293541292,0.003687815540752495,,,,,,1.193534765186393
Bitstamp 1x BUF2 vs BUF0,pre-2021-03 (OKX 비중첩),0.005,0.0,20,5000,1886,255.0,251.0,dSh_cv,0.01822432166707655,0.34273145370925817,0.006712177058862449,-0.09936710107078912,0.1756751166059842,-0.1392264732718311,0.1358157444049422,0.07167923543585536,
Bitstamp 1x BUF2 vs BUF0,pre-2021-03 (OKX 비중첩),0.005,0.0,20,5000,1886,255.0,251.0,dSh_std,0.01184176990686936,0.3453309338132374,0.006724246871805271,-0.060581123976093255,0.11589636213636413,-0.09221282232262541,0.08426466378983197,0.04640418550714043,
Bitstamp 1x BUF2 vs BUF0,pre-2021-03 (OKX 비중첩),0.005,0.0,20,5000,1886,255.0,251.0,dMlog,0.006811389631835751,0.31333733253349333,0.006559833055410608,-0.025329878518517555,0.053541838684966314,-0.03991905942129481,0.03895265778218906,0.020827790141899904,
Bitstamp 1x BUF2 vs BUF0,pre-2021-03 (OKX 비중첩),0.005,0.0,20,5000,1886,255.0,251.0,dMlog_student,0.006811389631835834,0.2855428914217157,0.0063876153387667604,,,,,,0.3943201409695647
Bitstamp 1x BUF2 vs BUF0,2021-03~ (OKX 중첩),0.005,0.0,20,5000,2019,255.0,251.0,dSh_cv,0.09212542980779408,0.118376324735053,0.004568662177865075,-0.025992665320724428,0.2614140947988429,-0.07716323518325477,0.21024352493631257,0.07430457866552317,
Bitstamp 1x BUF2 vs BUF0,2021-03~ (OKX 중첩),0.005,0.0,20,5000,2019,255.0,251.0,dSh_std,0.0962020315197985,0.11997600479904019,0.004595253269875359,-0.02623038773155038,0.27582965296533246,-0.08342558992573545,0.21863445077114738,0.07808961745194626,
Bitstamp 1x BUF2 vs BUF0,2021-03~ (OKX 중첩),0.005,0.0,20,5000,2019,255.0,251.0,dMlog,0.02363550316918921,0.11597680463907219,0.0045282708714206275,-0.006890590407492954,0.06681154904908922,-0.019540542710710797,0.05416159674587137,0.018952507386099975,
Bitstamp 1x BUF2 vs BUF0,2021-03~ (OKX 중첩),0.005,0.0,20,5000,2019,255.0,251.0,dMlog_student,0.023635503169189217,0.03579284143171366,0.0026272310113104958,,,,,,1.3909321307699931
