lev,policy,fill,cum%,mdd%,trades,liq,avg_improve_bp
1,now,nom,140.17545255551389,-22.562005013242302,120.0,0.0,0.0
1,now,pess,110.81953600873996,-24.6680006780731,120.0,0.0,-10.832675297929622
1,now,opt,149.63983817918307,-22.26048417822848,120.0,0.0,3.216924780639563
1,reclaim,nom,201.75717299485325,-17.79725165651519,117.0,0.0,11.483424676464995
1,reclaim,pess,165.55323389935307,-20.41797193447422,117.0,0.0,0.5890822182888573
1,reclaim,opt,208.4014476279329,-18.014723149072655,117.0,0.0,13.353623622457267
1,reclaim[nom] − now[nom],Δ,61.581720439339364,,,,
1,reclaim[pess] − now[opt],Δ,15.913395720170001,,,,
1,reclaim[opt] − now[pess],Δ,97.58191161919294,,,,
1,reclaim[pess] − now[pess],Δ,54.733697890613115,,,,
3,now,nom,502.92182748483924,-50.282019219139386,120.0,0.0,0.0
3,now,pess,307.3575149881107,-54.32478113139767,120.0,0.0,-10.832675297929622
3,now,opt,576.9974614450069,-49.66394683521306,120.0,0.0,3.216924780639563
3,reclaim,nom,1104.6394521822965,-45.29836147899715,117.0,0.0,11.483424676464995
3,reclaim,pess,724.0775890188925,-48.92567204365397,117.0,0.0,0.5890822182888573
3,reclaim,opt,1188.480087243581,-44.96488999497051,117.0,0.0,13.353623622457267
3,reclaim[nom] − now[nom],Δ,601.7176246974573,,,,
3,reclaim[pess] − now[opt],Δ,147.08012757388553,,,,
3,reclaim[opt] − now[pess],Δ,881.1225722554702,,,,
3,reclaim[pess] − now[pess],Δ,416.72007403078175,,,,
