lev,policy,unfilled_events,orig_cum%,fixed_cum%,orig_trades,fixed_trades,phantom_removed,orig_liq,fixed_liq
1,now (end),0,140.17545255551389,140.17545255551389,120,120,0,0,0
1,dip0.3 (end),35,101.80351209379012,102.1550090365352,120,120,0,0,0
1,dip0.6 (end),66,93.57396952542706,94.21048769356116,120,120,0,0,0
1,dip1.0 (end),94,72.69220942510623,73.50661284262247,120,120,0,0,0
1,dip1.5 (end),111,66.17260656444665,67.09713626463068,120,120,0,0,0
1,retest (end),66,79.12942642644052,79.71793424348098,120,120,0,0,0
1,wick (end),28,73.23856269125625,73.48034614427169,120,120,0,0,0
1,vwap (end),2,122.23885705736143,122.2595380216624,120,120,0,0,0
1,floor2 (end),0,106.35314826440771,106.35314826440771,120,120,0,0,0
1,hold_hi (end),0,140.17545255551389,140.17545255551389,120,120,0,0,0
1,hold_hi15 (end),19,108.09438133303155,108.29421707900008,120,120,0,0,0
1,reclaim (end),3,183.79715317360592,183.840605613962,120,120,0,0,0
3,now (end),0,502.92182748483924,502.92182748483924,120,120,0,0,0
3,dip0.3 (end),35,261.19202209980307,263.09513738972197,120,120,0,0,0
3,dip0.6 (end),66,225.43614205755154,228.66653760245282,120,120,0,0,0
3,dip1.0 (end),94,123.09549888523054,126.30781023646685,120,120,0,0,0
3,dip1.5 (end),111,101.02436478296224,104.43422555630514,120,120,0,0,0
3,retest (end),66,152.27205478970455,154.77663036679354,120,120,0,0,0
3,wick (end),28,126.69705930501695,127.6500056841436,120,120,0,0,0
3,vwap (end),2,381.2726630602099,381.3925743558092,120,120,0,0,0
3,floor2 (end),0,292.6158446952723,292.6158446952723,120,120,0,0,0
3,hold_hi (end),0,502.92182748483924,502.92182748483924,120,120,0,0,0
3,hold_hi15 (end),19,292.4045907649098,293.56507529001755,120,120,0,0,0
3,reclaim (end),3,897.7554997290639,898.2337745306447,120,120,0,0,0
5,now (end),0,553.3589323388107,553.3589323388107,120,120,0,0,0
5,dip0.3 (end),35,177.62217372632978,180.12004766487166,120,120,0,0,0
5,dip0.6 (end),66,141.34127372061687,145.40864159333,120,120,0,0,0
5,dip1.0 (end),94,21.40774944351523,24.4048505754116,120,120,0,0,0
5,dip1.5 (end),111,3.41272469107399,6.417590541392656,120,120,0,0,0
5,retest (end),66,52.05158840450727,54.62486714375413,120,120,0,0,0
5,wick (end),28,25.50688564174382,26.399494936577227,120,120,0,0,0
5,vwap (end),2,350.24325295948404,350.4144942324012,120,120,0,0,0
5,floor2 (end),0,231.00404861452455,231.00404861452455,120,120,0,0,0
5,hold_hi (end),0,553.3589323388107,553.3589323388107,120,120,0,0,0
5,hold_hi15 (end),19,216.41175073054035,218.02303739079974,120,120,0,0,0
5,reclaim (end),3,1435.5341715861803,1436.8174285843359,120,120,0,0,0
