comparison,lev,segment,block,B,stat,est,p,mcse,ci_pct_lo,ci_pct_hi,ci_basic_lo,ci_basic_hi,boot_sd,t
OKX 1x BUF2 vs BUF0,1,full,20,20000,dSh_cv,0.12185317116098959,0.08184590770461476,0.0019383905062786298,-0.008136835908331341,0.3046698767159089,-0.06096353439392971,0.25184317823031055,0.08121194178737523,
OKX 1x BUF2 vs BUF0,1,full,20,20000,dSh_std,0.09896129370487683,0.08829558522073896,0.002006233720822006,-0.006417638244117057,0.25411038570643657,-0.05618779829668291,0.20434022565387072,0.06770186763108688,
OKX 1x BUF2 vs BUF0,1,full,20,20000,dMlog,0.02582360018619334,0.07584620768961552,0.0018720785302534617,-0.0010018788455783006,0.06329725288549067,-0.011650052513103984,0.05264907921796498,0.016751061310779736,
OKX 1x BUF2 vs BUF0,1,full,20,20000,dMlog_student,0.025823600186193424,0.004199790010499475,0.0004572828323022407,,,,,,1.8759504634169917
OKX 2x BUF2 vs BUF0,2,full,20,20000,dSh_cv,0.148715779864402,0.08569571521423928,0.0019792922928178053,-0.01015695197941232,0.37985023792052774,-0.08241867819172377,0.3075885117082163,0.10115604726058879,
OKX 2x BUF2 vs BUF0,2,full,20,20000,dSh_std,0.10375587041787315,0.08704564771761412,0.0019933477234420887,-0.00662393380917696,0.26544433494522457,-0.057932594109478264,0.21413567464492328,0.0707922938829032,
OKX 2x BUF2 vs BUF0,2,full,20,20000,dMlog,0.05062983477646671,0.07649617519124044,0.001879421591505635,-0.0021658288968300645,0.12444481159170327,-0.023185142038769854,0.10342549844976348,0.03303342848896008,
OKX 2x BUF2 vs BUF0,2,full,20,20000,dMlog_student,0.050629834776466716,0.004499775011249437,0.00047326139902265286,,,,,,1.8615594259826815
OKX 3x BUF2 vs BUF0,3,full,20,20000,dSh_cv,0.17184374264652602,0.09509524523773812,0.0020742726384315124,-0.01220904911267132,0.46209520451718766,-0.11840771922413562,0.3558965344057234,0.12340347699585341,
OKX 3x BUF2 vs BUF0,3,full,20,20000,dSh_std,0.10768483835529286,0.0872456377181141,0.001995417705861027,-0.006655457705687928,0.27564056205580406,-0.06027088534521835,0.22202513441627364,0.07338145429176594,
OKX 3x BUF2 vs BUF0,3,full,20,20000,dMlog,0.07454205477884829,0.07724613769311535,0.0018878449605914626,-0.0036036316794361327,0.1837937486735676,-0.03470963911587102,0.15268774123713272,0.048935431728822566,
OKX 3x BUF2 vs BUF0,3,full,20,20000,dMlog_student,0.07454205477884847,0.004599770011499425,0.00047846693341027944,,,,,,1.8469584462316975
OKX 5x BUF2 vs BUF0,5,full,20,20000,dSh_cv,0.20207076648578848,0.12114394280285985,0.0023072503973890356,-0.015929036938878295,0.635918053402416,-0.23177652043083907,0.42007056991045527,0.17138006145256468,
OKX 5x BUF2 vs BUF0,5,full,20,20000,dSh_std,0.11361578566044939,0.08634568271586421,0.0019860778659483054,-0.007374236647689661,0.2907093925247224,-0.06347782120382361,0.23460580796858843,0.07745367723874108,
OKX 5x BUF2 vs BUF0,5,full,20,20000,dMlog,0.12008806102186631,0.07984600769961502,0.0019166458039247632,-0.007506982489039254,0.2987508537115027,-0.05857473166777005,0.24768310453277187,0.07988398901443906,
OKX 5x BUF2 vs BUF0,5,full,20,20000,dMlog_student,0.12008806102186637,0.00519974001299935,0.0005085618308916116,,,,,,1.817144896960044
