buf,lev,liq_line%,worst_mae%,margin_to_liq_pp,trades_within_10pp,n
0,1,-99.5,-10.102080338077746,89.39791966192226,0,117
0,2,-49.5,-10.102080338077746,39.39791966192225,0,117
0,3,-32.83333333333333,-10.102080338077746,22.73125299525558,0,117
0,4,-24.5,-10.102080338077746,14.397919661922254,0,117
0,5,-19.5,-10.102080338077746,9.397919661922254,1,117
2,1,-99.5,-10.102080338077746,89.39791966192226,0,113
2,2,-49.5,-10.102080338077746,39.39791966192225,0,113
2,3,-32.83333333333333,-10.102080338077746,22.73125299525558,0,113
2,4,-24.5,-10.102080338077746,14.397919661922254,0,113
2,5,-19.5,-10.102080338077746,9.397919661922254,1,113
