buf,i_in,entry,mae%,bars
0,48,2021-03-09 00:00:00+00:00,-0.3104975834186119,36
0,101,2021-03-17 20:00:00+00:00,-2.753673292999137,20
0,177,2021-03-30 12:00:00+00:00,-4.070351334700528,27
0,237,2021-04-09 12:00:00+00:00,-1.1730756416805765,3
0,261,2021-04-13 12:00:00+00:00,-3.155045405474066,17
0,630,2021-06-14 00:00:00+00:00,-0.7137074875242067,15
0,798,2021-07-12 00:00:00+00:00,-2.846403284692811,4
0,882,2021-07-26 00:00:00+00:00,-0.4829743760756733,27
0,912,2021-07-31 00:00:00+00:00,-6.7856245883228254,12
0,947,2021-08-05 20:00:00+00:00,-2.0995319092503184,39
0,996,2021-08-14 00:00:00+00:00,-4.494631215111278,8
0,1036,2021-08-20 16:00:00+00:00,-1.5891552417699795,24
0,1111,2021-09-02 04:00:00+00:00,-2.6274729572274724,32
0,1301,2021-10-03 20:00:00+00:00,-3.572141001885809,54
0,1363,2021-10-14 04:00:00+00:00,-1.8461570392304116,45
0,1512,2021-11-08 00:00:00+00:00,-1.0222835371105243,18
0,1554,2021-11-15 00:00:00+00:00,-3.369747642732901,6
0,1810,2021-12-27 16:00:00+00:00,-3.5329904922997146,3
0,2046,2022-02-05 00:00:00+00:00,-1.551696356207155,48
0,2107,2022-02-15 04:00:00+00:00,-0.6445467170123176,9
0,2190,2022-03-01 00:00:00+00:00,-0.7534400455816215,13
0,2297,2022-03-18 20:00:00+00:00,-1.8215131289336273,11
0,2332,2022-03-24 16:00:00+00:00,-0.9247997744834424,42
0,2736,2022-05-31 00:00:00+00:00,-3.1990700487657397,10
0,2962,2022-07-07 16:00:00+00:00,-0.24846920944662232,15
0,3026,2022-07-18 08:00:00+00:00,-3.815901838284863,17
0,3085,2022-07-28 04:00:00+00:00,-2.32365073462647,23
0,3152,2022-08-08 08:00:00+00:00,-2.64469129163446,7
0,3169,2022-08-11 04:00:00+00:00,-3.0372678979655676,8
0,3498,2022-10-05 00:00:00+00:00,-4.112686324542125,16
0,3627,2022-10-26 12:00:00+00:00,-1.2847274842708867,9
0,3685,2022-11-05 04:00:00+00:00,-2.689773824010744,11
0,3915,2022-12-13 12:00:00+00:00,-0.41450955435922143,13
0,4074,2023-01-09 00:00:00+00:00,-0.1447760932638431,96
0,4199,2023-01-29 20:00:00+00:00,-2.9134406447121397,4
0,4217,2023-02-01 20:00:00+00:00,-1.6769257074463528,23
0,4302,2023-02-16 00:00:00+00:00,-4.120284191537538,40
0,4477,2023-03-17 04:00:00+00:00,-0.48882681564246244,34
0,4550,2023-03-29 08:00:00+00:00,-1.4593472634123694,9
0,4620,2023-04-10 00:00:00+00:00,-0.5263269444071628,43
0,4914,2023-05-29 00:00:00+00:00,-3.9671034588383725,14
0,5052,2023-06-21 00:00:00+00:00,-0.14843716866703716,44
0,5128,2023-07-03 16:00:00+00:00,-1.425375416458774,7
0,5526,2023-09-08 00:00:00+00:00,-2.3369559006708007,6
0,5566,2023-09-14 16:00:00+00:00,-1.4947351813103582,6
0,5589,2023-09-18 12:00:00+00:00,-2.1273623060519053,3
0,5667,2023-10-01 12:00:00+00:00,-0.582295709109637,42
0,5779,2023-10-20 04:00:00+00:00,-0.38478376862353114,46
0,5837,2023-10-29 20:00:00+00:00,-1.6412077947246528,28
0,5875,2023-11-05 04:00:00+00:00,-2.5940550309031973,14
0,5891,2023-11-07 20:00:00+00:00,-1.0451605259371943,37
0,5940,2023-11-16 00:00:00+00:00,-6.215811977104913,5
0,5963,2023-11-19 20:00:00+00:00,-3.356888547404424,13
0,6017,2023-11-28 20:00:00+00:00,-0.9879764875887709,52
0,6078,2023-12-09 00:00:00+00:00,-1.3808941919014384,6
0,6138,2023-12-19 00:00:00+00:00,-1.952600144914951,36
0,6222,2024-01-02 00:00:00+00:00,-1.8545864889495944,9
0,6261,2024-01-08 12:00:00+00:00,-0.8287224776137414,25
0,6391,2024-01-30 04:00:00+00:00,-1.611668925584775,5
0,6443,2024-02-07 20:00:00+00:00,0.0,59
0,6556,2024-02-26 16:00:00+00:00,-0.15818623212126015,49
0,6638,2024-03-11 08:00:00+00:00,-3.690596562184023,20
0,6761,2024-03-31 20:00:00+00:00,-2.8098333580367174,3
0,6806,2024-04-08 08:00:00+00:00,-3.1129488660709415,8
0,7042,2024-05-17 16:00:00+00:00,-1.4032236583179536,13
0,7061,2024-05-20 20:00:00+00:00,-1.7178392314907254,13
0,7150,2024-06-04 16:00:00+00:00,-0.3411379407311843,13
0,7392,2024-07-15 00:00:00+00:00,-0.24823284207685647,22
0,7420,2024-07-19 16:00:00+00:00,-0.631364716781968,25
0,7462,2024-07-26 16:00:00+00:00,-1.7653969183969886,19
0,7632,2024-08-24 00:00:00+00:00,-0.526348768719842,14
0,7758,2024-09-14 00:00:00+00:00,-1.8541752416279533,6
0,7788,2024-09-19 00:00:00+00:00,-0.3252498466031706,21
0,7813,2024-09-23 04:00:00+00:00,-2.1756267981273725,42
0,7966,2024-10-18 16:00:00+00:00,-2.348387473708813,18
0,8003,2024-10-24 20:00:00+00:00,-3.143099535888627,6
0,8024,2024-10-28 08:00:00+00:00,-0.14338385907415319,20
0,8077,2024-11-06 04:00:00+00:00,-2.2344002721238376,53
0,8159,2024-11-19 20:00:00+00:00,-1.8117337268813816,24
0,8217,2024-11-29 12:00:00+00:00,-2.1282916309467326,17
0,8250,2024-12-05 00:00:00+00:00,-10.102080338077746,6
0,8316,2024-12-16 00:00:00+00:00,-1.1329276227657226,13
0,8502,2025-01-16 00:00:00+00:00,-2.737745678782766,24
0,8528,2025-01-20 08:00:00+00:00,-6.616059951980214,17
0,8587,2025-01-30 04:00:00+00:00,-2.9318335627219416,10
0,8880,2025-03-20 00:00:00+00:00,-2.876157320045647,6
0,9073,2025-04-21 04:00:00+00:00,-0.9627743310627435,72
0,9168,2025-05-07 00:00:00+00:00,-1.0789196338162,34
0,9238,2025-05-18 16:00:00+00:00,-2.4082982360317806,4
0,9256,2025-05-21 16:00:00+00:00,-0.47246801690976614,11
0,9283,2025-05-26 04:00:00+00:00,-2.278100778734804,15
0,9372,2025-06-10 00:00:00+00:00,-2.3235347486844526,13
0,9465,2025-06-25 12:00:00+00:00,-0.4909255983301941,33
0,9534,2025-07-07 00:00:00+00:00,-1.5270862373449323,6
0,9551,2025-07-09 20:00:00+00:00,-1.1593318109512918,32
0,9620,2025-07-21 08:00:00+00:00,-3.0721665425709754,23
0,9658,2025-07-27 16:00:00+00:00,-0.9977442011808391,8
0,9744,2025-08-11 00:00:00+00:00,-1.50387230130129,22
0,9931,2025-09-11 04:00:00+00:00,-0.8613691632113896,50
0,10056,2025-10-02 00:00:00+00:00,-0.2634943876707485,34
0,10621,2026-01-04 04:00:00+00:00,-0.4205292857252463,16
0,10669,2026-01-12 04:00:00+00:00,-1.867862586852942,27
0,10977,2026-03-04 12:00:00+00:00,-0.7375324244180304,8
0,11029,2026-03-13 04:00:00+00:00,-1.489778804867592,32
0,11184,2026-04-08 00:00:00+00:00,-2.0620348878445993,25
0,11220,2026-04-14 00:00:00+00:00,-1.2669152817622709,8
0,11241,2026-04-17 12:00:00+00:00,-0.22491425061457182,8
0,11261,2026-04-20 20:00:00+00:00,-1.9094350019351447,6
0,11269,2026-04-22 04:00:00+00:00,-1.2591975099943475,33
0,11341,2026-05-04 04:00:00+00:00,-2.6628984102823994,21
0,11375,2026-05-09 20:00:00+00:00,-0.6507570676383079,17
0,11796,2026-07-19 00:00:00+00:00,-0.6340588117004664,6
0,11810,2026-07-21 08:00:00+00:00,-1.2964026602176548,12
0,11844,2026-07-27 00:00:00+00:00,-2.162804442583788,6
0,11980,2026-08-18 16:00:00+00:00,-1.0583389893256023,28
0,12015,2026-08-24 12:00:00+00:00,-0.687782040578,25
0,12076,2026-09-03 16:00:00+00:00,-3.331656826926732,24
2,48,2021-03-09 00:00:00+00:00,-0.3104975834186119,36
2,101,2021-03-17 20:00:00+00:00,-2.753673292999137,20
2,177,2021-03-30 12:00:00+00:00,-4.070351334700528,27
2,237,2021-04-09 12:00:00+00:00,-1.1730756416805765,41
2,630,2021-06-14 00:00:00+00:00,-0.7137074875242067,15
2,798,2021-07-12 00:00:00+00:00,-2.846403284692811,4
2,882,2021-07-26 00:00:00+00:00,-0.4829743760756733,27
2,912,2021-07-31 00:00:00+00:00,-6.7856245883228254,12
2,947,2021-08-05 20:00:00+00:00,-2.0995319092503184,39
2,996,2021-08-14 00:00:00+00:00,-4.494631215111278,8
2,1036,2021-08-20 16:00:00+00:00,-1.5891552417699795,24
2,1111,2021-09-02 04:00:00+00:00,-2.6274729572274724,32
2,1301,2021-10-03 20:00:00+00:00,-3.572141001885809,54
2,1363,2021-10-14 04:00:00+00:00,-1.8461570392304116,45
2,1512,2021-11-08 00:00:00+00:00,-1.0222835371105243,18
2,1554,2021-11-15 00:00:00+00:00,-3.369747642732901,6
2,1810,2021-12-27 16:00:00+00:00,-3.5329904922997146,3
2,2046,2022-02-05 00:00:00+00:00,-1.551696356207155,70
2,2190,2022-03-01 00:00:00+00:00,-0.7534400455816215,13
2,2297,2022-03-18 20:00:00+00:00,-1.8215131289336273,11
2,2332,2022-03-24 16:00:00+00:00,-0.9247997744834424,42
2,2736,2022-05-31 00:00:00+00:00,-3.1990700487657397,10
2,2962,2022-07-07 16:00:00+00:00,-0.24846920944662232,15
2,3026,2022-07-18 08:00:00+00:00,-3.815901838284863,17
2,3085,2022-07-28 04:00:00+00:00,-2.32365073462647,23
2,3152,2022-08-08 08:00:00+00:00,-2.64469129163446,7
2,3169,2022-08-11 04:00:00+00:00,-3.0372678979655676,8
2,3498,2022-10-05 00:00:00+00:00,-4.112686324542125,16
2,3627,2022-10-26 12:00:00+00:00,-1.2847274842708867,9
2,3685,2022-11-05 04:00:00+00:00,-2.689773824010744,11
2,3915,2022-12-13 12:00:00+00:00,-0.41450955435922143,13
2,4074,2023-01-09 00:00:00+00:00,-0.1447760932638431,96
2,4199,2023-01-29 20:00:00+00:00,-2.9134406447121397,4
2,4217,2023-02-01 20:00:00+00:00,-1.6769257074463528,23
2,4302,2023-02-16 00:00:00+00:00,-4.120284191537538,40
2,4477,2023-03-17 04:00:00+00:00,-0.48882681564246244,34
2,4550,2023-03-29 08:00:00+00:00,-1.4593472634123694,9
2,4620,2023-04-10 00:00:00+00:00,-0.5263269444071628,43
2,4914,2023-05-29 00:00:00+00:00,-3.9671034588383725,14
2,5052,2023-06-21 00:00:00+00:00,-0.14843716866703716,44
2,5128,2023-07-03 16:00:00+00:00,-1.425375416458774,7
2,5526,2023-09-08 00:00:00+00:00,-2.3369559006708007,6
2,5566,2023-09-14 16:00:00+00:00,-1.4947351813103582,6
2,5589,2023-09-18 12:00:00+00:00,-2.1273623060519053,14
2,5667,2023-10-01 12:00:00+00:00,-0.582295709109637,42
2,5779,2023-10-20 04:00:00+00:00,-0.38478376862353114,46
2,5837,2023-10-29 20:00:00+00:00,-1.6412077947246528,28
2,5875,2023-11-05 04:00:00+00:00,-2.5940550309031973,14
2,5891,2023-11-07 20:00:00+00:00,-1.0451605259371943,37
2,5940,2023-11-16 00:00:00+00:00,-6.215811977104913,5
2,5963,2023-11-19 20:00:00+00:00,-3.356888547404424,13
2,6017,2023-11-28 20:00:00+00:00,-0.9879764875887709,52
2,6078,2023-12-09 00:00:00+00:00,-1.3808941919014384,6
2,6138,2023-12-19 00:00:00+00:00,-1.952600144914951,36
2,6222,2024-01-02 00:00:00+00:00,-1.8545864889495944,9
2,6261,2024-01-08 12:00:00+00:00,-0.8287224776137414,25
2,6391,2024-01-30 04:00:00+00:00,-1.611668925584775,5
2,6443,2024-02-07 20:00:00+00:00,0.0,59
2,6556,2024-02-26 16:00:00+00:00,-0.15818623212126015,49
2,6638,2024-03-11 08:00:00+00:00,-3.690596562184023,20
2,6761,2024-03-31 20:00:00+00:00,-2.8098333580367174,3
2,6806,2024-04-08 08:00:00+00:00,-3.1129488660709415,8
2,7042,2024-05-17 16:00:00+00:00,-1.4032236583179536,13
2,7061,2024-05-20 20:00:00+00:00,-1.7178392314907254,13
2,7150,2024-06-04 16:00:00+00:00,-0.3411379407311843,13
2,7392,2024-07-15 00:00:00+00:00,-0.24823284207685647,22
2,7420,2024-07-19 16:00:00+00:00,-0.631364716781968,25
2,7462,2024-07-26 16:00:00+00:00,-1.7653969183969886,19
2,7632,2024-08-24 00:00:00+00:00,-0.526348768719842,14
2,7758,2024-09-14 00:00:00+00:00,-3.0025175259810966,12
2,7788,2024-09-19 00:00:00+00:00,-0.3252498466031706,21
2,7813,2024-09-23 04:00:00+00:00,-2.1756267981273725,42
2,7966,2024-10-18 16:00:00+00:00,-2.348387473708813,18
2,8003,2024-10-24 20:00:00+00:00,-3.143099535888627,6
2,8024,2024-10-28 08:00:00+00:00,-0.14338385907415319,20
2,8077,2024-11-06 04:00:00+00:00,-2.2344002721238376,53
2,8159,2024-11-19 20:00:00+00:00,-1.8117337268813816,24
2,8217,2024-11-29 12:00:00+00:00,-2.1282916309467326,17
2,8250,2024-12-05 00:00:00+00:00,-10.102080338077746,6
2,8316,2024-12-16 00:00:00+00:00,-1.1329276227657226,13
2,8502,2025-01-16 00:00:00+00:00,-2.737745678782766,24
2,8528,2025-01-20 08:00:00+00:00,-6.616059951980214,17
2,8587,2025-01-30 04:00:00+00:00,-2.9318335627219416,10
2,8880,2025-03-20 00:00:00+00:00,-2.876157320045647,6
2,9073,2025-04-21 04:00:00+00:00,-0.9627743310627435,72
2,9168,2025-05-07 00:00:00+00:00,-1.0789196338162,34
2,9238,2025-05-18 16:00:00+00:00,-2.4082982360317806,4
2,9256,2025-05-21 16:00:00+00:00,-0.47246801690976614,11
2,9283,2025-05-26 04:00:00+00:00,-2.278100778734804,15
2,9372,2025-06-10 00:00:00+00:00,-2.3235347486844526,13
2,9465,2025-06-25 12:00:00+00:00,-1.1817781896124147,37
2,9534,2025-07-07 00:00:00+00:00,-1.606267807834394,49
2,9620,2025-07-21 08:00:00+00:00,-3.0721665425709754,23
2,9658,2025-07-27 16:00:00+00:00,-1.154537392647248,12
2,9744,2025-08-11 00:00:00+00:00,-1.50387230130129,22
2,9931,2025-09-11 04:00:00+00:00,-0.8613691632113896,50
2,10056,2025-10-02 00:00:00+00:00,-0.2634943876707485,34
2,10621,2026-01-04 04:00:00+00:00,-0.4205292857252463,16
2,10669,2026-01-12 04:00:00+00:00,-1.867862586852942,27
2,10977,2026-03-04 12:00:00+00:00,-0.7375324244180304,8
2,11029,2026-03-13 04:00:00+00:00,-1.489778804867592,32
2,11184,2026-04-08 00:00:00+00:00,-2.0620348878445993,25
2,11220,2026-04-14 00:00:00+00:00,-1.2669152817622709,8
2,11241,2026-04-17 12:00:00+00:00,-0.22491425061457182,8
2,11261,2026-04-20 20:00:00+00:00,-1.9094350019351447,6
2,11269,2026-04-22 04:00:00+00:00,-1.2591975099943475,33
2,11341,2026-05-04 04:00:00+00:00,-2.6628984102823994,21
2,11375,2026-05-09 20:00:00+00:00,-0.6507570676383079,17
2,11796,2026-07-19 00:00:00+00:00,-1.429919408479896,26
2,11844,2026-07-27 00:00:00+00:00,-2.162804442583788,6
2,11980,2026-08-18 16:00:00+00:00,-1.0583389893256023,28
2,12015,2026-08-24 12:00:00+00:00,-0.687782040578,25
2,12076,2026-09-03 16:00:00+00:00,-3.331656826926732,24
