block,candidate,source,dSh,t,p_indiv,p_maxT_adj,mcse_adj
20,L1 mom252-21 gate,longtrend prereg,0.03717916693664025,0.09947561669103369,0.4703264836758162,0.9799510024498775,0.0009911366012653768
20,L2 sma200 gate,longtrend prereg,-0.1211652969245186,-0.39511600453959006,0.6651667416629169,0.9984000799960002,0.00028260929390065876
20,L3 L1&L2 gate,longtrend prereg,-0.1156297038396864,-0.2810279563085433,0.6234188290585471,0.9968001599920004,0.0003993495356152778
20,H1 hyst 6/4 (both),longtrend prereg,0.1270156034496278,0.6617804612276723,0.24703764811759413,0.8568071596420179,0.0024767786621758873
20,nb mom126-21,longtrend prereg nb,-0.15213821660683624,-0.34989344999178634,0.6471676416179191,0.9981000949952502,0.0003079200680146325
20,nb mom378-21,longtrend prereg nb,-0.13060254615084554,-0.3335239424975744,0.6418679066046697,0.9979001049947502,0.00032368854213708976
20,nb sma100,longtrend prereg nb,-0.043189886014339485,-0.15493532956713493,0.5656717164141792,0.9942002899855007,0.0005369391668637621
20,nb sma300,longtrend prereg nb,-0.3040475747980643,-0.7589316684035138,0.783960801959902,0.9996500174991251,0.00013226110787453827
20,nb hyst 6/5,longtrend prereg nb,0.09051687124871899,0.5019506311286028,0.2926853657317134,0.911804409779511,0.002005207322026186
20,nb hyst 6/3,longtrend prereg nb,0.07478796795838061,0.3491270051775735,0.35658217089145544,0.9476026198690065,0.0015756251883998562
20,post hyst6/4 @1x,longtrend post-hoc,0.09378698768169325,0.7258073238206589,0.2368381580920954,0.8309084545772711,0.002650467833131371
20,post hyst6/4 @5x,longtrend post-hoc,0.1395253686520681,0.5509677837766606,0.2617869106544673,0.8966051697415129,0.002152955402862606
20,post CONF5 hyst5/3,longtrend post-hoc,0.05365281357188345,0.40248691388371904,0.3260336983150842,0.9376531173441328,0.0017096746602637987
20,post CONF7 hyst7/5,longtrend post-hoc,-0.2443809099872829,-1.0263781593282604,0.8580070996450178,0.99990000499975,7.070537506087023e-05
20,post CONF8 hyst8/6,longtrend post-hoc,-0.06537724330312414,-0.42359884776499335,0.6747662616869157,0.9986500674966252,0.0002596257099760265
20,decomp entry-only,decomp (unregistered),-0.08460661602029718,-0.6999660285116561,0.775961201939903,0.999550022498875,0.00014996249887445969
20,decomp exit-only,decomp (unregistered),0.17184374264652602,1.3925356629319368,0.09509524523773812,0.44847757612119393,0.003516713237084115
20,EXIT BUF1,exitconf prereg,0.14326907580316495,1.1995927459701976,0.12134393280335984,0.5626718664066797,0.00350765047546861
20,EXIT BUF2 (main),exitconf prereg,0.17184374264652602,1.3925356629319368,0.09509524523773812,0.44847757612119393,0.003516713237084115
20,EXIT BUF3,exitconf prereg,0.17184374264652602,1.3925356629319368,0.09509524523773812,0.44847757612119393,0.003516713237084115
10,L1 mom252-21 gate,longtrend prereg,0.03717916693664025,0.10393586946800729,0.4653767311634418,0.9810009499525024,0.0009653519084973692
10,L2 sma200 gate,longtrend prereg,-0.1211652969245186,-0.3845825525428191,0.6580170991450427,0.9982000899955003,0.00029972239893570276
10,L3 L1&L2 gate,longtrend prereg,-0.1156297038396864,-0.2840842456886894,0.6225688715564222,0.9970501474926253,0.0003834808259587048
10,H1 hyst 6/4 (both),longtrend prereg,0.1270156034496278,0.6389752683555318,0.24898755062246888,0.8747562621868906,0.002340488666408262
10,nb mom126-21,longtrend prereg nb,-0.15213821660683624,-0.35200235302376565,0.6497175141242938,0.9978001099945003,0.00033128918556628106
10,nb mom378-21,longtrend prereg nb,-0.13060254615084554,-0.3396420407757923,0.6481675916204189,0.9976501174941252,0.00034237118439519264
10,nb sma100,longtrend prereg nb,-0.043189886014339485,-0.15414913911926384,0.5634718264086795,0.9945002749862507,0.0005229473223242677
10,nb sma300,longtrend prereg nb,-0.3040475747980643,-0.7818239808816103,0.7946102694865257,0.99990000499975,7.070537506087023e-05
10,nb hyst 6/5,longtrend prereg nb,0.09051687124871899,0.501674544022451,0.29573521323933805,0.9167041647917604,0.0019539401096912027
10,nb hyst 6/3,longtrend prereg nb,0.07478796795838061,0.34139020095427475,0.35928203589820507,0.9527523623818809,0.0015002549509604362
10,post hyst6/4 @1x,longtrend post-hoc,0.09378698768169325,0.7120015797365618,0.23898805059747014,0.8462576871156442,0.002550545178126871
10,post hyst6/4 @5x,longtrend post-hoc,0.1395253686520681,0.525041465309936,0.2657367131643418,0.9103544822758862,0.0020200148375208705
10,post CONF5 hyst5/3,longtrend post-hoc,0.05365281357188345,0.40410504194922003,0.3242837858107095,0.9411529423528824,0.0016640925673380438
10,post CONF7 hyst7/5,longtrend post-hoc,-0.2443809099872829,-0.9807953249229533,0.8498075096245188,1.0,0.0
10,post CONF8 hyst8/6,longtrend post-hoc,-0.06537724330312414,-0.4094056875199626,0.6655167241637918,0.9984500774961252,0.00027816544035040905
10,decomp entry-only,decomp (unregistered),-0.08460661602029718,-0.6975675716474996,0.7780110994450278,0.99990000499975,7.070537506087023e-05
10,decomp exit-only,decomp (unregistered),0.17184374264652602,1.359811018703652,0.10139493025348732,0.47992600369981503,0.0035326833616426776
10,EXIT BUF1,exitconf prereg,0.14326907580316495,1.2072528718628313,0.11879406029698515,0.5747212639368031,0.0034958313225589605
10,EXIT BUF2 (main),exitconf prereg,0.17184374264652602,1.359811018703652,0.10139493025348732,0.47992600369981503,0.0035326833616426776
10,EXIT BUF3,exitconf prereg,0.17184374264652602,1.359811018703652,0.10139493025348732,0.47992600369981503,0.0035326833616426776
40,L1 mom252-21 gate,longtrend prereg,0.03717916693664025,0.11025906520755668,0.4598770061496925,0.9775511224438778,0.0010474952375212135
40,L2 sma200 gate,longtrend prereg,-0.1211652969245186,-0.42107749710372155,0.6597670116494175,0.9981500924953752,0.0003038490864598003
40,L3 L1&L2 gate,longtrend prereg,-0.1156297038396864,-0.3110011743840033,0.624018799060047,0.9967001649917504,0.00040552102887322173
40,H1 hyst 6/4 (both),longtrend prereg,0.1270156034496278,0.6694458872378847,0.23793810309484525,0.8509574521273936,0.0025182222578264235
40,nb mom126-21,longtrend prereg nb,-0.15213821660683624,-0.3944250842938474,0.6533673316334183,0.9979501024948753,0.000319819904426165
40,nb mom378-21,longtrend prereg nb,-0.13060254615084554,-0.3729409592012452,0.6557172141392931,0.9975501224938753,0.000349562269583666
40,nb sma100,longtrend prereg nb,-0.043189886014339485,-0.16925978605055225,0.5639718014099295,0.9935003249837508,0.0005682177945529469
40,nb sma300,longtrend prereg nb,-0.3040475747980643,-0.8135662950019733,0.7930603469826508,0.999850007499625,8.659388044913527e-05
40,nb hyst 6/5,longtrend prereg nb,0.09051687124871899,0.5063456217078709,0.2920353982300885,0.9068046597670116,0.0020556017220250368
40,nb hyst 6/3,longtrend prereg nb,0.07478796795838061,0.34671274247515504,0.35503224838758063,0.9466026698665067,0.0015897492769004185
40,post hyst6/4 @1x,longtrend post-hoc,0.09378698768169325,0.7315883985220176,0.23328833558322085,0.8258087095645218,0.0026818714060512024
40,post hyst6/4 @5x,longtrend post-hoc,0.1395253686520681,0.5629365786903001,0.2567871606419679,0.8898055097245138,0.002214177777284516
40,post CONF5 hyst5/3,longtrend post-hoc,0.05365281357188345,0.4033658168339214,0.3246337683115844,0.9346532673366331,0.0017475202029388578
40,post CONF7 hyst7/5,longtrend post-hoc,-0.2443809099872829,-1.0198921978991833,0.8495575221238938,0.999950002499875,4.9997500125007274e-05
40,post CONF8 hyst8/6,longtrend post-hoc,-0.06537724330312414,-0.42333265390282904,0.6663666816659167,0.9982500874956253,0.00029553767193048013
40,decomp entry-only,decomp (unregistered),-0.08460661602029718,-0.7212735222690148,0.7811109444527774,0.9998000099995,9.9987500343711e-05
40,decomp exit-only,decomp (unregistered),0.17184374264652602,1.4384631798842298,0.09104544772761362,0.42522873856307186,0.003495777870968996
40,EXIT BUF1,exitconf prereg,0.14326907580316495,1.240396656390224,0.1159942002899855,0.5426728663566822,0.0035226341456139378
40,EXIT BUF2 (main),exitconf prereg,0.17184374264652602,1.4384631798842298,0.09104544772761362,0.42522873856307186,0.003495777870968996
40,EXIT BUF3,exitconf prereg,0.17184374264652602,1.4384631798842298,0.09104544772761362,0.42522873856307186,0.003495777870968996
