comparison,segment,block,B,n_days,stat,est,p,mcse,ci_pct_lo,ci_pct_hi,ci_basic_lo,ci_basic_hi,boot_sd,t
OKX 3x BUF2 vs BUF0,full,5,20000,2018,dSh_cv,0.17184374264652602,0.10144492775361232,0.0021348753404669403,-0.00964804932462273,0.4699621968880515,-0.12627471159499948,0.35333553461767475,0.1236533869433151,
OKX 3x BUF2 vs BUF0,full,5,20000,2018,dSh_std,0.10768483835529286,0.0695965201739913,0.0017993449440513417,-0.005605528667822889,0.25608665914136675,-0.040716982430781035,0.2209752053784086,0.06739903337500142,
OKX 3x BUF2 vs BUF0,full,5,20000,2018,dMlog,0.07454205477884829,0.06624668766561671,0.001758665176191178,-0.002453167384580425,0.1739908533011521,-0.02490674374345553,0.151537276942277,0.045750932486577245,
OKX 3x BUF2 vs BUF0,full,5,20000,2018,dMlog_student,0.07454205477884847,0.004999750012499375,0.0004987360279903533,,,,,,1.9086020780172521
OKX 3x BUF2 vs BUF0,full,10,20000,2018,dSh_cv,0.17184374264652602,0.10139493025348732,0.0021344085641270484,-0.01378389946150551,0.4782838645463494,-0.13459637925329737,0.35747138475455753,0.12637325354985723,
OKX 3x BUF2 vs BUF0,full,10,20000,2018,dSh_std,0.10768483835529286,0.07874606269686515,0.0019045356429666332,-0.007868817724990521,0.26600815024664354,-0.050638473536057826,0.22323849443557622,0.07116568731728326,
OKX 3x BUF2 vs BUF0,full,10,20000,2018,dMlog,0.07454205477884829,0.07309634518274086,0.0018405606415392356,-0.003984510262445496,0.18025379699446026,-0.031169687436763682,0.15306861982014208,0.048110545051365125,
OKX 3x BUF2 vs BUF0,full,10,20000,2018,dMlog_student,0.07454205477884847,0.0031998400079996,0.0003993495356152806,,,,,,1.8931884885738253
OKX 3x BUF2 vs BUF0,full,20,20000,2018,dSh_cv,0.17184374264652602,0.09509524523773812,0.0020742726384315124,-0.01220904911267132,0.46209520451718766,-0.11840771922413562,0.3558965344057234,0.12340347699585341,
OKX 3x BUF2 vs BUF0,full,20,20000,2018,dSh_std,0.10768483835529286,0.0872456377181141,0.001995417705861027,-0.006655457705687928,0.27564056205580406,-0.06027088534521835,0.22202513441627364,0.07338145429176594,
OKX 3x BUF2 vs BUF0,full,20,20000,2018,dMlog,0.07454205477884829,0.07724613769311535,0.0018878449605914626,-0.0036036316794361327,0.1837937486735676,-0.03470963911587102,0.15268774123713272,0.048935431728822566,
OKX 3x BUF2 vs BUF0,full,20,20000,2018,dMlog_student,0.07454205477884847,0.004599770011499425,0.00047846693341027944,,,,,,1.8469584462316975
OKX 3x BUF2 vs BUF0,full,40,20000,2018,dSh_cv,0.17184374264652602,0.09104544772761362,0.0020341604432258043,-0.008507921828590986,0.4519891814156571,-0.10830169612260504,0.35219540712164304,0.11946342808743748,
OKX 3x BUF2 vs BUF0,full,40,20000,2018,dSh_std,0.10768483835529286,0.08449577521123944,0.001966675356822919,-0.004774820763157988,0.2744485911470042,-0.059078914436418495,0.2201444974737437,0.07220936170327995,
OKX 3x BUF2 vs BUF0,full,40,20000,2018,dMlog,0.07454205477884829,0.07464626768661567,0.0018584160245633079,-0.002105378446489411,0.18297788466785583,-0.03389377511015926,0.151189488004186,0.04805194639399486,
OKX 3x BUF2 vs BUF0,full,40,20000,2018,dMlog_student,0.07454205477884847,0.0050997450127493625,0.0005036733869063513,,,,,,1.8707120504058734
OKX 3x BUF2 vs BUF0,full,60,20000,2018,dSh_cv,0.17184374264652602,0.08564571771411429,0.001978768919699172,-0.005781712697729073,0.44663357999926007,-0.10294609470620802,0.34946919799078113,0.11723565450299055,
OKX 3x BUF2 vs BUF0,full,60,20000,2018,dSh_std,0.10768483835529286,0.08359582020898955,0.0019571351390818142,-0.0030903436734878997,0.27221950373999826,-0.05684982702941255,0.2184600203840736,0.07173766628223206,
OKX 3x BUF2 vs BUF0,full,60,20000,2018,dMlog,0.07454205477884829,0.07314634268286585,0.0018411403427629658,-0.0013606978697886878,0.1825345902799883,-0.03345048072229173,0.15044480742748526,0.047774124974543586,
OKX 3x BUF2 vs BUF0,full,60,20000,2018,dMlog_student,0.07454205477884847,0.020448977551122443,0.0010007701251595227,,,,,,1.5098941713894256
OKX 3x BUF2 vs BUF0,explore,20,20000,1036,dSh_cv,0.2917920240166325,0.11544422778861058,0.0022596112282747,2.6645352591003757e-15,0.8945492686067892,-0.31096522057352416,0.5835840480332624,0.23829219591101897,
OKX 3x BUF2 vs BUF0,explore,20,20000,1036,dSh_std,0.17081519656767963,0.10049497525123743,0.002125979012131712,8.881784197001252e-16,0.47176622776843,-0.13013583463307077,0.34163039313535837,0.1251421659574969,
OKX 3x BUF2 vs BUF0,explore,20,20000,1036,dMlog,0.12305747122989447,0.08934553272336383,0.002016964408532562,9.992007221626409e-16,0.3233256660566493,-0.07721072359686038,0.24611494245978793,0.08543186616060067,
OKX 3x BUF2 vs BUF0,explore,20,20000,1036,dMlog_student,0.12305747122989444,0.00359982000899955,0.0004234891559947171,,,,,,1.77166280082653
OKX 3x BUF2 vs BUF0,valid,20,20000,982,dSh_cv,0.052305853390294144,0.29103544822758864,0.0032119605858615015,-0.13813247406576584,0.326244342021887,-0.22163263524129873,0.24274418084635413,0.11663597416181389,
OKX 3x BUF2 vs BUF0,valid,20,20000,982,dSh_std,0.03546778523250482,0.28738563071846407,0.003199961952703615,-0.08488895173956515,0.18752159757151574,-0.11658602710650609,0.1558245222045748,0.06952373771370675,
OKX 3x BUF2 vs BUF0,valid,20,20000,982,dMlog,0.023358784470006166,0.2768361581920904,0.003163841807909605,-0.05134616931673658,0.11530297372290124,-0.06858540478288891,0.09806373825674891,0.042666786825006096,
OKX 3x BUF2 vs BUF0,valid,20,20000,982,dMlog_student,0.0233587844700061,0.24738763061846908,0.0030511226690797684,,,,,,0.6024081605737142
