kind,lev,shock%,liquidated,account_loss%,cost_one_way,fund_x,base_sh,cand_sh,dSh,base_trades,cand_trades,buf,max_streak,worst_streak_loss%
체결 직후 즉시 급락,1,10.0,False,10.0,,,,,,,,,,
체결 직후 즉시 급락,1,20.0,False,20.0,,,,,,,,,,
체결 직후 즉시 급락,1,25.0,False,25.0,,,,,,,,,,
체결 직후 즉시 급락,1,30.0,False,30.0,,,,,,,,,,
체결 직후 즉시 급락,1,35.0,False,35.0,,,,,,,,,,
체결 직후 즉시 급락,1,50.0,False,50.0,,,,,,,,,,
체결 직후 즉시 급락,2,10.0,False,20.0,,,,,,,,,,
체결 직후 즉시 급락,2,20.0,False,40.0,,,,,,,,,,
체결 직후 즉시 급락,2,25.0,False,50.0,,,,,,,,,,
체결 직후 즉시 급락,2,30.0,False,60.0,,,,,,,,,,
체결 직후 즉시 급락,2,35.0,False,70.0,,,,,,,,,,
체결 직후 즉시 급락,2,50.0,True,100.0,,,,,,,,,,
체결 직후 즉시 급락,3,10.0,False,30.000000000000004,,,,,,,,,,
체결 직후 즉시 급락,3,20.0,False,60.00000000000001,,,,,,,,,,
체결 직후 즉시 급락,3,25.0,False,75.0,,,,,,,,,,
체결 직후 즉시 급락,3,30.0,False,89.99999999999999,,,,,,,,,,
체결 직후 즉시 급락,3,35.0,True,100.0,,,,,,,,,,
체결 직후 즉시 급락,3,50.0,True,100.0,,,,,,,,,,
체결 직후 즉시 급락,5,10.0,False,50.0,,,,,,,,,,
체결 직후 즉시 급락,5,20.0,True,100.0,,,,,,,,,,
체결 직후 즉시 급락,5,25.0,True,100.0,,,,,,,,,,
체결 직후 즉시 급락,5,30.0,True,100.0,,,,,,,,,,
체결 직후 즉시 급락,5,35.0,True,100.0,,,,,,,,,,
체결 직후 즉시 급락,5,50.0,True,100.0,,,,,,,,,,
비용·펀딩 스트레스,3,,,,0.0007,1.0,0.8724399416583146,1.0442836843048406,0.17184374264652602,117.0,113.0,,,
비용·펀딩 스트레스,3,,,,0.0007,3.0,0.5824041014721596,0.7263169557177146,0.143912854245555,117.0,113.0,,,
비용·펀딩 스트레스,3,,,,0.001,1.0,0.7797263640191481,0.9487829183414078,0.16905655432225974,117.0,113.0,,,
비용·펀딩 스트레스,3,,,,0.001,3.0,0.5019871470558126,0.6437269460965251,0.14173979904071254,117.0,113.0,,,
비용·펀딩 스트레스,3,,,,0.002,1.0,0.49789157979147436,0.6573176095624934,0.15942602977101905,117.0,113.0,,,
비용·펀딩 스트레스,3,,,,0.002,3.0,0.2582250647477204,0.3923480021433708,0.1341229373956504,117.0,113.0,,,
연속 손실(실제 경로),1,,,,,,,,,,,0.0,10.0,-12.324498595007128
연속 손실(실제 경로),1,,,,,,,,,,,2.0,7.0,-12.324498595007128
연속 손실(실제 경로),3,,,,,,,,,,,0.0,10.0,-33.39976954144759
연속 손실(실제 경로),3,,,,,,,,,,,2.0,7.0,-33.39976954144759
연속 손실(실제 경로),5,,,,,,,,,,,0.0,10.0,-50.29666797593095
연속 손실(실제 경로),5,,,,,,,,,,,2.0,7.0,-50.29666797593095
