lev,buf,rank_by,k,cum_factor%,cum_rerun%,trades_rerun,topk_logshare%
1,0,ret,0,201.75717299485325,201.75717299485325,117.0,0.0
1,0,ret,1,129.50243775473194,129.50243775473194,116.0,24.782323655127104
1,0,ret,2,96.11773827095207,96.11773827095207,115.0,39.01548216133289
1,0,ret,3,67.6399447987424,67.6399447987424,114.0,53.22131703252764
1,0,ret,4,43.992818363148814,43.992818363148814,113.0,66.98877878275411
1,0,ret,5,24.243716671699843,24.243716671699843,112.0,80.3454726691677
1,0,ret,6,8.136056137697366,8.136056137697366,111.0,92.91775506627859
1,0,ret,7,-5.070361697461645,-5.070361697461645,110.0,104.7113136002609
1,0,ret,8,-16.27445075593713,-16.27445075593713,109.0,116.08272117403872
1,0,ret,9,-25.78496818707361,-25.78496818707361,108.0,127.00011871004861
1,0,ret,10,-33.01033005644462,-33.01033005644462,107.0,136.27424252045188
1,0,usd,0,201.75717299485325,,,0.0
1,0,usd,1,157.93972676552315,,,14.205834871194748
1,0,usd,2,120.41838125285342,,,28.438993377400536
1,0,usd,3,67.6399447987424,,,53.22131703252764
1,0,usd,4,44.64755979639037,,,66.57801091894123
1,0,usd,5,24.243716671699843,,,80.3454726691677
1,0,usd,6,13.067392240580023,,,88.88011457474607
1,0,usd,7,-1.5913061665886574,,,101.45239697185696
1,0,usd,8,-13.609742715831441,,,113.24595550583929
1,0,usd,9,-18.170463213779563,,,118.15668234992127
1,0,usd,10,-27.82841023812942,,,129.5280899236991
1,2,ret,0,248.0671088570876,248.0671088570876,113.0,0.0
1,2,ret,1,164.7236159861089,164.7236159861089,112.0,21.945435180025143
1,2,ret,2,126.21544826285076,126.21544826285076,111.0,34.54929193501273
1,2,ret,3,93.36723742456084,93.36723742456084,110.0,47.128952853106185
1,2,ret,4,66.0910442871222,66.0910442871222,109.0,59.32042220995818
1,2,ret,5,43.31109622476246,43.31109622476246,108.0,71.14814522668529
1,2,ret,6,24.731432394808508,24.731432394808508,107.0,82.28125010620644
1,2,ret,7,9.498257890218031,9.498257890218031,106.0,92.72477339930151
1,2,ret,8,-3.4252953339082404,-3.4252953339082404,105.0,102.79447030459394
1,2,ret,9,-14.395368632040228,-14.395368632040228,104.0,112.4621287249739
1,2,ret,10,-22.729589129132165,-22.729589129132165,103.0,120.6746226688429
1,2,usd,0,248.0671088570876,,,0.0
1,2,usd,1,197.52510624227665,,,12.579660918093447
1,2,usd,2,154.24545153380168,,,25.183517673081035
1,2,usd,3,93.36723742456084,,,47.128952853106185
1,2,usd,4,66.84626728797276,,,58.95667586983328
1,2,usd,5,43.31109622476246,,,71.14814522668529
1,2,usd,6,30.41956859749677,,,78.70580742697084
1,2,usd,7,13.511235570801139,,,89.83891230649198
1,2,usd,8,-0.35164106328178235,,,100.28243559958707
1,2,usd,9,-6.92017890503025,,,105.74978555595595
1,2,usd,10,-11.834055323024927,,,110.09837042407888
2,0,ret,0,578.90220813586,578.90220813586,117.0,0.0
2,0,ret,1,316.59024307419196,316.59024307419196,116.0,25.498471479496494
2,0,ret,2,210.78255526565158,210.78255526565158,115.0,40.7967831263436
2,0,ret,3,131.97064520733593,131.97064520733593,114.0,56.06758139114905
2,0,ret,4,74.61769248379109,74.61769248379109,113.0,70.89611166096002
2,0,ret,5,32.49601020672144,32.49601020672144,112.0,85.30875933321788
2,0,ret,6,2.0837578012227187,2.0837578012227187,111.0,98.92323025816238
2,0,ret,7,-20.13699830447031,-20.13699830447031,110.0,111.74002438817104
2,0,ret,8,-36.998597453443175,-36.998597453443175,109.0,124.12214957878625
2,0,ret,9,-49.851476354746204,-49.851476354746204,108.0,136.03501391703776
2,0,ret,10,-58.7497936189082,-58.7497936189082,107.0,146.23353397932595
2,0,usd,0,578.90220813586,,,0.0
2,0,usd,1,406.73816977708003,,,15.270798264805444
2,0,usd,2,278.03425757600724,,,30.569109911652554
2,0,usd,3,186.84396258947476,,,44.9817575839104
2,0,usd,4,139.49703873831635,,,54.400474260044675
2,0,usd,5,80.28324326902114,,,69.22900452985564
2,0,usd,6,10.62600656708359,,,94.72747600935213
2,0,usd,7,-14.766350750554558,,,108.34194693429664
2,0,usd,8,-23.314402915053623,,,113.85972538538095
2,0,usd,9,-40.006695463316646,,,126.6765195153896
2,0,usd,10,-45.107089074555105,,,131.315397568816
2,2,ret,0,798.2044004168323,798.2044004168323,113.0,0.0
2,2,ret,1,451.1591876058184,451.1591876058184,112.0,22.247078786450068
2,2,ret,2,311.1730016004507,311.1730016004507,111.0,35.59465316088841
2,2,ret,3,206.90289675868155,206.90289675868155,110.0,48.918222473750625
2,2,ret,4,131.02352282847107,131.02352282847107,109.0,61.855918816255404
2,2,ret,5,75.29549613946023,75.29549613946023,108.0,74.43076309834875
2,2,ret,6,35.05933456883845,35.05933456883845,107.0,86.30920873563426
2,2,ret,7,5.660725055509808,5.660725055509808,106.0,97.49169192994233
2,2,ret,8,-16.6475873526319,-16.6475873526319,105.0,108.29493222929946
2,2,ret,9,-33.652263797674195,-33.652263797674195,104.0,118.68874864760839
2,2,ret,10,-45.42495745987532,-45.42495745987532,103.0,127.58682238168923
2,2,usd,0,798.2044004168323,,,0.0
2,2,usd,1,570.4271226377583,,,13.323569312862208
2,2,usd,2,400.1486658813893,,,26.671143687300553
2,2,usd,3,279.5016518480791,,,39.245987969393894
2,2,usd,4,216.86050141481857,,,47.46369357302985
2,2,usd,5,138.51918654129318,,,60.401389915534644
2,2,usd,6,46.36094080756212,,,82.64846870198471
2,2,usd,7,28.258785549656395,,,88.66268748921743
2,2,usd,8,-1.1808825073142626,,,100.54113312650294
2,2,usd,9,-22.691018455292642,,,111.72361632081103
2,2,usd,10,-30.444308533187037,,,116.53780496839943
3,0,ret,0,1104.6394521822965,1104.6394521822965,117.0,0.0
3,0,ret,1,519.5123362537192,519.5123362537192,116.0,26.720195314530727
3,0,ret,2,310.08743713604383,310.08743713604383,115.0,43.29717822165918
3,0,ret,3,171.64868231623677,171.64868231623677,114.0,59.845976877561235
3,0,ret,4,81.98806795473033,81.98806795473033,113.0,75.94104542909855
3,0,ret,5,23.22605072138737,23.22605072138737,112.0,91.60827722171665
3,0,ret,6,-14.832793739896777,-14.832793739896777,111.0,106.45113954701557
3,0,ret,7,-39.91112095486141,-39.91112095486141,110.0,120.46578602060978
3,0,ret,8,-57.12401547061119,-57.12401547061119,109.0,134.02724564388922
3,0,ret,9,-69.03018641898664,-69.03018641898664,108.0,147.09793895554824
3,0,ret,10,-76.60136568963705,-76.60136568963705,107.0,158.3619703571101
3,0,usd,0,1104.6394521822965,,,0.0
3,0,usd,1,697.9730423756309,,,16.548798655902065
3,0,usd,2,428.219860528257,,,33.12578156303051
3,0,usd,3,257.663269119877,,,48.79301335564862
3,0,usd,4,175.85986182080816,,,59.22786448366876
3,0,usd,5,84.80930167216584,,,75.32293303520608
3,0,usd,6,58.33515498043085,,,81.5352691152562
3,0,usd,7,38.966916980528055,,,86.77795380907773
3,0,usd,8,-28.533206143446588,,,113.49814912360844
3,0,usd,9,-37.279127094904354,,,118.74326489538556
3,0,usd,10,-56.65071234328807,,,133.5861272206845
3,2,ret,0,1719.0346970116316,1719.0346970116316,113.0,0.0
3,2,ret,1,835.4786055120142,835.4786055120142,112.0,22.92409338527656
3,2,ret,2,519.241944639676,519.241944639676,111.0,37.146006800800556
3,2,ret,3,310.1960778684069,310.1960778684069,110.0,51.34374006346629
3,2,ret,4,174.8063824840335,174.8063824840335,109.0,65.15220404266566
3,2,ret,5,86.07431578954954,86.07431578954954,108.0,78.59361345135505
3,2,ret,6,28.604540515438593,28.604540515438593,107.0,91.3277704455189
3,2,ret,7,-9.264339890553863,-9.264339890553863,106.0,103.35137509138758
3,2,ret,8,-35.256226760461885,-35.256226760461885,105.0,114.98617652847338
3,2,ret,9,-53.234832744528035,-53.234832744528035,104.0,126.19993415859958
3,2,ret,10,-64.66749648940112,-64.66749648940112,103.0,135.86369988727563
3,2,usd,0,1719.0346970116316,,,0.0
3,2,usd,1,1104.9585863484951,,,14.197733262665741
3,2,usd,2,697.6247600150325,,,28.419646678189732
3,2,usd,3,440.08018349145857,,,41.86105608687912
3,2,usd,4,316.5550607327676,,,50.813442059526096
3,2,usd,5,243.77551196899714,,,57.43312491560003
3,2,usd,6,130.30864976018526,,,71.24158889479939
3,2,usd,7,97.3166687129192,,,76.57134680874499
3,2,usd,8,1.4744371809294776,,,99.49544019402154
3,2,usd,9,-10.938352956986087,,,103.99330377982278
3,2,usd,10,-38.44538862381645,,,116.72746077398664
5,0,ret,0,2018.4368299657995,2018.4368299657995,117.0,0.0
5,0,ret,1,722.9622105935599,722.9622105935599,116.0,30.967633423457507
5,0,ret,2,344.570675607646,344.570675607646,115.0,51.136257167574726
5,0,ret,3,140.3898494460197,140.3898494460197,114.0,71.27362989121174
5,0,ret,4,32.000977987695144,32.000977987695144,113.0,90.90680710570489
5,0,ret,5,-26.45253554288591,-26.45253554288591,112.0,110.06264957772314
5,0,ret,6,-57.84730476585129,-57.84730476585129,111.0,128.2933831693239
5,0,ret,7,-75.1398038854081,-75.1398038854081,110.0,145.58735862084927
5,0,ret,8,-85.10559403928698,-85.10559403928698,109.0,162.36554564169901
5,0,ret,9,-90.92214480687251,-90.92214480687251,108.0,178.58254559864218
5,0,ret,10,-94.10256704488208,-94.10256704488208,107.0,192.70909508871125
5,0,usd,0,2018.4368299657995,,,0.0
5,0,usd,1,1045.48875703583,,,20.13737272363701
5,0,usd,2,518.8020592696305,,,40.305996467754234
5,0,usd,3,244.78019143437407,,,59.46183893977249
5,0,usd,4,130.74060112761597,,,72.6154019517769
5,0,usd,5,80.45331181595155,,,80.66652663968884
5,0,usd,6,46.4375695473761,,,87.5074982213402
5,0,usd,7,18.82277099126126,,,94.35152341445564
5,0,usd,8,-34.7529772400957,,,113.98470062894881
5,0,usd,9,-42.62034349852627,,,118.19300397572516
5,0,usd,10,-67.11365658897562,,,136.4237375673259
5,2,ret,0,4014.9117831811595,4014.9117831811595,113.0,0.0
5,2,ret,1,1498.5451393133706,1498.5451393133706,112.0,25.436426214625353
5,2,ret,2,763.5466895391188,763.5466895391188,111.0,42.00268113965219
5,2,ret,3,366.94006167676986,366.94006167676986,110.0,58.54326686788549
5,2,ret,4,156.40244355163202,156.40244355163202,109.0,74.66971272011624
5,2,ret,5,42.86068096850555,42.86068096850555,108.0,90.40408179364672
5,2,ret,6,-18.12140921160097,-18.12140921160097,107.0,105.37857802008357
5,2,ret,7,-51.710849963942394,-51.710849963942394,106.0,119.5836328434545
5,2,ret,8,-71.06868341586983,-71.06868341586983,105.0,133.36502551028167
5,2,ret,9,-82.36691660009721,-82.36691660009721,104.0,146.6854661518614
5,2,ret,10,-88.54465896066989,-88.54465896066989,103.0,158.28883696350405
5,2,usd,0,4014.9117831811595,,,0.0
5,2,usd,1,2125.0298508567635,,,16.540585728233303
5,2,usd,2,1101.9786708421593,,,33.10684065326014
5,2,usd,3,569.7108227502191,,,48.84120972679063
5,2,usd,4,348.19708806406055,,,59.6453816323143
5,2,usd,5,231.29981821097348,,,67.77540157849066
5,2,usd,6,159.0967914100558,,,74.38849455425851
5,2,usd,7,110.25662554926932,,,80.00758292609432
5,2,usd,8,15.45445976548374,,,96.13402877832506
5,2,usd,9,1.5331728971658354,,,99.59067643703679
5,2,usd,10,-41.80768943046312,,,114.56517266347366
