filter,D,tp,sl,IS_n,IS_win,IS_ev,OOS1_n,OOS1_ev,OOS2_n,OOS2_ev,nb
none,0.5,0.5,0.5,8322,0.48365777457341985,-0.15634222542658016,2489,-0.15466452390518282,1950,-0.1538461538461539,False
none,0.5,0.5,1.0,6558,0.6473010064043916,-0.16890606481372175,1982,-0.14630676084762867,1485,-0.17434343434343433,False
none,0.5,0.5,2.0,5024,0.790406050955414,-0.16290758511974307,1510,-0.16588418254850584,1117,-0.2107251566696509,False
none,0.5,0.5,3.0,4318,0.8506252894858731,-0.15895626284555758,1281,-0.15855641887083066,958,-0.2744652474446348,False
none,0.5,0.5,4.0,3810,0.8818897637795275,-0.16363332340835193,1153,-0.1514998770748493,838,-0.2212722924060597,False
none,0.5,0.5,6.0,3261,0.9153633854645814,-0.15359595653432215,962,-0.14873462629903578,738,-0.23518719385827994,False
none,0.5,1.0,0.5,7411,0.3292403184455539,-0.14613952233166916,2238,-0.15943699731903488,1786,-0.16295632698768198,False
none,0.5,1.0,1.0,5498,0.4899963623135686,-0.1598373905144393,1648,-0.16954333183168066,1292,-0.15702786377708974,False
none,0.5,1.0,2.0,3856,0.6587136929460581,-0.16117320106968508,1172,-0.17043802772885175,896,-0.1970577953033059,False
none,0.5,1.0,3.0,3070,0.7351791530944626,-0.19060527914870806,942,-0.18970201202978798,761,-0.21712306065118087,False
none,0.5,1.0,4.0,2625,0.7885714285714286,-0.174755647498913,803,-0.20810118773272215,624,-0.18669172792002486,False
none,0.5,1.0,6.0,2093,0.8313425704730053,-0.21696152298732624,636,-0.1477418638386303,544,-0.23760175795982608,False
none,0.5,2.0,0.5,6538,0.207096971550933,-0.12270602344722398,1993,-0.1445158053186151,1607,-0.17951462352209085,False
none,0.5,2.0,1.0,4532,0.3323036187113857,-0.14394779251200499,1353,-0.19689846058452223,1090,-0.1918368300621689,False
none,0.5,2.0,2.0,2909,0.4963905122035064,-0.150231147216679,869,-0.15638703089771425,696,-0.24448317837673603,False
none,0.5,2.0,3.0,2199,0.5879945429740792,-0.17966253711680588,656,-0.1777502616073506,550,-0.34880695671215645,False
none,0.5,2.0,4.0,1803,0.653910149750416,-0.15454882333116937,554,-0.21237550368110875,439,-0.38343615104132267,False
none,0.5,2.0,6.0,1402,0.7132667617689016,-0.20278998436464915,433,-0.15036858165441855,359,-0.44557714513646046,False
none,0.5,3.0,0.5,5827,0.15170756821692122,-0.11151623918563668,1812,-0.14330915413732415,1470,-0.1690029235149959,False
none,0.5,3.0,1.0,3872,0.25387396694214875,-0.1302908098816795,1182,-0.16891813415034765,950,-0.18551679206999908,False
none,0.5,3.0,2.0,2360,0.3995762711864407,-0.14481623452317832,711,-0.19025848476769291,581,-0.20764204569200748,False
none,0.5,3.0,3.0,1747,0.4899828277046365,-0.1721214115294242,542,-0.10328022782578129,443,-0.42044809141805517,False
none,0.5,3.0,4.0,1419,0.5595489781536294,-0.13042093907848146,463,-0.1700491585239456,372,-0.3582063626924985,False
none,0.5,3.0,6.0,1094,0.6197440585009141,-0.22446725942357132,364,-0.015999299278065364,299,-0.5171603984860107,False
none,0.5,4.0,0.5,5233,0.11866997897955284,-0.11190195989625691,1630,-0.14620172362366893,1319,-0.19846094296594022,False
none,0.5,4.0,1.0,3355,0.20476900149031296,-0.13537243850297287,1029,-0.18964754212036858,842,-0.21618067763774818,False
none,0.5,4.0,2.0,2002,0.33966033966033965,-0.13985773119409253,612,-0.19150966848989504,499,-0.24026362462705708,False
none,0.5,4.0,3.0,1472,0.42866847826086957,-0.15173217386945043,453,-0.2030961541098283,388,-0.3670118167889626,False
none,0.5,4.0,4.0,1170,0.4897435897435897,-0.17620833875350067,388,-0.14449056493298243,322,-0.3008418354539436,False
none,0.5,4.0,6.0,901,0.5471698113207547,-0.28737388853847556,307,-0.06747570782986227,271,-0.4881218358159752,False
none,0.5,6.0,0.5,4281,0.08666199486101378,-0.11269242004754541,1404,-0.157227625752742,1166,-0.21072024572353862,False
none,0.5,6.0,1.0,2678,0.15197908887229275,-0.1536527803516774,846,-0.19027515934070033,720,-0.2739737558494238,False
none,0.5,6.0,2.0,1552,0.264819587628866,-0.20950223914848898,499,-0.23006608502614836,439,-0.2630333333456705,False
none,0.5,6.0,3.0,1136,0.3371478873239437,-0.3002932920615224,382,-0.2350694146993539,342,-0.3641107131992661,False
none,0.5,6.0,4.0,919,0.40043525571273125,-0.31047445512971644,337,-0.25754734236511817,277,-0.5127994721843078,False
none,0.5,6.0,6.0,717,0.45746164574616455,-0.3849498215694233,266,-0.12636291420937432,238,-0.5818621120045745,False
none,1.0,0.5,0.5,2593,0.4527574238333976,-0.18724257616660242,679,-0.1348453608247423,390,-0.18871794871794878,False
none,1.0,0.5,1.0,2238,0.6344950848972297,-0.18825737265415546,592,-0.14168918918918919,329,-0.21446808510638293,False
none,1.0,0.5,2.0,1898,0.7808219178082192,-0.18691559985267908,508,-0.13212598425196856,278,-0.33244604316546766,False
none,1.0,0.5,3.0,1712,0.8434579439252337,-0.18530684957150456,450,-0.13777777777777783,250,-0.27,False
none,1.0,0.5,4.0,1602,0.8795255930087391,-0.1781181813148662,417,-0.14719424460431657,240,-0.2639292076213998,False
none,1.0,0.5,6.0,1448,0.9074585635359116,-0.21420766050751622,392,-0.11121886431705481,228,-0.2094560262544033,False
none,1.0,1.0,0.5,2417,0.30616466694249067,-0.180752999586264,627,-0.09693779904306223,367,-0.19449591280653958,False
none,1.0,1.0,1.0,1998,0.47397397397397395,-0.19205205205205197,526,-0.15901140684410645,312,-0.2297435897435897,False
none,1.0,1.0,2.0,1638,0.6471306471306472,-0.19566648935024344,433,-0.2139030023094689,255,-0.36352941176470605,False
none,1.0,1.0,3.0,1420,0.7330985915492958,-0.20332977018587273,379,-0.22707124010554094,228,-0.18771235864411642,False
none,1.0,1.0,4.0,1280,0.7921875,-0.16241612787488444,339,-0.1701635142277042,215,-0.1691211890206418,False
none,1.0,1.0,6.0,1094,0.8372943327239488,-0.2087888227022473,295,-0.26893273498630976,197,-0.22512573238984074,False
none,1.0,2.0,0.5,2309,0.19532265049805111,-0.15169337375487224,585,-0.06735042735042733,358,-0.2419553072625698,False
none,1.0,2.0,1.0,1867,0.33636850562399573,-0.13150380706964376,475,-0.16736842105263147,300,-0.23999999999999985,False
none,1.0,2.0,2.0,1446,0.5027662517289073,-0.12638956940160703,375,-0.27538066073843526,235,-0.3571296741758575,False
none,1.0,2.0,3.0,1198,0.5976627712854758,-0.14019585836657872,321,-0.17745024384901958,201,-0.38142709385819085,False
none,1.0,2.0,4.0,1038,0.6551059730250481,-0.16052653841611117,275,-0.3256553011695489,185,-0.19788419242551777,False
none,1.0,2.0,6.0,857,0.7304550758459744,-0.10749881474966967,230,-0.4227297068561966,160,-0.3482394801012786,False
none,1.0,3.0,0.5,2240,0.14285714285714285,-0.14046178483678487,569,-0.09869947275922673,351,-0.2311680911680912,False
none,1.0,3.0,1.0,1768,0.251131221719457,-0.13726923406867825,454,-0.19910621001685933,292,-0.17209176966078513,False
none,1.0,3.0,2.0,1317,0.4031890660592255,-0.1250203551501009,345,-0.2518358083136248,220,-0.39301714777626123,False
none,1.0,3.0,3.0,1063,0.49106302916274697,-0.18250699735163503,289,-0.13713678027525641,187,-0.3332541869381313,False
none,1.0,3.0,4.0,897,0.5652173913043478,-0.11977664544876734,251,-0.1890845477679942,169,-0.2785661868608137,False
none,1.0,3.0,6.0,728,0.6332417582417582,-0.12791465319515302,201,-0.23189820007129974,142,-0.3513419874229028,False
none,1.0,4.0,0.5,2190,0.1141552511415525,-0.1297605818126906,551,-0.10256844682612609,344,-0.2737209302325581,False
none,1.0,4.0,1.0,1686,0.199288256227758,-0.15584843662575437,437,-0.16997489897084786,275,-0.26629914371088065,False
none,1.0,4.0,2.0,1221,0.3415233415233415,-0.113024962555669,326,-0.2028859028767676,211,-0.3425986389691628,False
none,1.0,4.0,3.0,978,0.4376278118609407,-0.10055915683286427,269,-0.052148537549149165,170,-0.49187731324089123,False
none,1.0,4.0,4.0,810,0.4901234567901235,-0.16886305179819502,235,-0.08219357427964562,153,-0.4489392622091523,False
none,1.0,4.0,6.0,642,0.5607476635514018,-0.19737376575557206,188,-0.07005590792816364,129,-0.6637078340602529,False
none,1.0,6.0,0.5,2054,0.08325219084712755,-0.12444247853445964,522,-0.07011172851461482,338,-0.25350703440917627,False
none,1.0,6.0,1.0,1539,0.15139701104613384,-0.14298139788796768,403,-0.20068706743371925,262,-0.23650737763553575,False
none,1.0,6.0,2.0,1060,0.2688679245283019,-0.13518533101981595,288,-0.26381658112701023,198,-0.34731363174719265,False
none,1.0,6.0,3.0,816,0.34558823529411764,-0.20496573969369267,230,-0.22769061174785835,159,-0.43583768922882765,False
none,1.0,6.0,4.0,660,0.39545454545454545,-0.28902097177307706,203,-0.3555725864942044,141,-0.4633907038171925,False
none,1.0,6.0,6.0,521,0.45681381957773515,-0.3767929106512588,160,-0.1489425382630894,123,-0.5818620106958889,False
none,2.0,0.5,0.5,460,0.38913043478260867,-0.25086956521739134,94,-0.14000000000000007,28,-0.06857142857142859,False
none,2.0,0.5,1.0,439,0.6127562642369021,-0.22086560364464689,93,-0.07548387096774191,27,-0.08444444444444442,False
none,2.0,0.5,2.0,411,0.7761557177615572,-0.1996107055961071,86,-0.16325581395348854,26,-0.024615384615384633,False
none,2.0,0.5,3.0,388,0.8195876288659794,-0.2714432989690722,84,-0.18166666666666675,25,0.08000000000000002,False
none,2.0,0.5,4.0,378,0.8650793650793651,-0.24714285714285714,80,-0.09000000000000001,24,0.36000000000000004,False
none,2.0,0.5,6.0,354,0.8954802259887006,-0.3066088229154961,80,-0.12750000000000003,24,0.36000000000000004,False
none,2.0,1.0,0.5,445,0.27640449438202247,-0.2253932584269663,93,-0.05935483870967746,28,-0.05071428571428571,False
none,2.0,1.0,1.0,411,0.48661800486618007,-0.16676399026763983,88,0.08727272727272731,26,-0.13999999999999996,False
none,2.0,1.0,2.0,370,0.6432432432432432,-0.20513012828802304,81,-0.02888888888888898,24,-0.14,False
none,2.0,1.0,3.0,342,0.6988304093567251,-0.3361934136449372,75,-0.10000000000000006,23,-0.00956521739130439,False
none,2.0,1.0,4.0,324,0.7623456790123457,-0.3179018387643753,69,-0.009565217391304245,19,0.3336842105263158,False
none,2.0,1.0,6.0,298,0.8187919463087249,-0.3780849762498465,66,0.11757575757575767,17,0.03647058823529416,False
none,2.0,2.0,0.5,426,0.1619718309859155,-0.23507042253521124,90,-0.14,26,-0.06307692307692306,False
none,2.0,2.0,1.0,384,0.3203125,-0.17906249999999987,82,0.030731707317073313,24,-0.13999999999999999,False
none,2.0,2.0,2.0,339,0.4749262536873156,-0.2346848007863378,74,-0.1940540540540541,20,-0.34,False
none,2.0,2.0,3.0,305,0.5377049180327869,-0.43492863270530946,67,-0.08029850746268655,18,-0.5894763546775468,False
none,2.0,2.0,4.0,285,0.631578947368421,-0.30975997048762494,62,-0.2281278870408487,17,-0.14532790495269643,False
none,2.0,2.0,6.0,263,0.7072243346007605,-0.34801271163109704,55,0.20964929425828022,16,-0.2808054257136152,False
none,2.0,3.0,0.5,421,0.12589073634204276,-0.20183942525985282,89,-0.16808988764044944,25,-0.21999999999999997,False
none,2.0,3.0,1.0,377,0.259946949602122,-0.10295596295596293,81,-0.00419753086419751,22,-0.23090909090909087,False
none,2.0,3.0,2.0,325,0.38461538461538464,-0.21978011866426664,73,-0.22219178082191804,20,-0.3900000000000001,False
none,2.0,3.0,3.0,293,0.46075085324232085,-0.34391920578249907,64,-0.3141819727788061,18,-0.42280968801088026,False
none,2.0,3.0,4.0,268,0.5522388059701493,-0.20852572021508448,59,-0.6249419534640036,17,-0.32179849318799064,False
none,2.0,3.0,6.0,250,0.64,-0.17398619676210997,52,0.29707960830870317,16,-0.6375703467725664,False
none,2.0,4.0,0.5,419,0.1026252983293556,-0.1859747403912943,89,-0.1343820224719101,25,-0.28,False
none,2.0,4.0,1.0,371,0.20485175202156333,-0.13291133030241695,80,0.04750000000000002,22,-0.23090909090909087,False
none,2.0,4.0,2.0,315,0.3047619047619048,-0.32437336754070006,72,-0.1400000000000002,20,-0.4947675784274105,False
none,2.0,4.0,3.0,284,0.38380281690140844,-0.4511073935819118,63,0.02651312444928754,18,-0.5392181084857807,False
none,2.0,4.0,4.0,255,0.4745098039215686,-0.3219155433821218,58,-0.13954486476254319,17,0.025533767485644256,False
none,2.0,4.0,6.0,234,0.5555555555555556,-0.3854286999967734,51,0.7945507141168471,16,-0.26852981980682933,False
none,2.0,6.0,0.5,418,0.07655502392344497,-0.15976893833481415,89,0.01730337078651689,25,-0.11999999999999991,False
none,2.0,6.0,1.0,366,0.15846994535519127,-0.11032116957828458,78,0.0720204863697935,22,0.13272727272727292,False
none,2.0,6.0,2.0,308,0.23376623376623376,-0.3795662222431475,70,-0.1323200294736589,20,0.005232421572589674,False
none,2.0,6.0,3.0,273,0.32234432234432236,-0.3834720351190955,62,-0.08851744034167344,18,0.1274485581808862,False
none,2.0,6.0,4.0,242,0.4132231404958678,-0.19432522790633583,57,-0.2482423279866914,17,0.5518974925282842,False
none,2.0,6.0,6.0,216,0.49074074074074076,-0.2551107768424045,49,0.7026908603234835,16,0.2907316380509757,False
하락장,0.5,0.5,0.5,3686,0.48833423765599565,-0.15166576234400436,1652,-0.1605811138014528,964,-0.14726141078838179,False
하락장,0.5,0.5,1.0,2970,0.6521885521885522,-0.16140268452807655,1337,-0.15047120418848167,727,-0.1826409903713893,False
하락장,0.5,0.5,2.0,2333,0.7993999142734677,-0.13918032903625766,999,-0.15960472036861242,547,-0.19301645338208415,False
하락장,0.5,0.5,3.0,2028,0.8574950690335306,-0.1316172642721828,849,-0.1571791703748454,469,-0.2355538724511131,False
하락장,0.5,0.5,4.0,1820,0.8862637362637362,-0.13912125768733521,766,-0.12581443184328994,408,-0.15579800597680774,False
하락장,0.5,0.5,6.0,1586,0.9192938209331651,-0.11627415046478876,647,-0.1368772788369993,384,-0.17797209657528387,False
하락장,0.5,1.0,0.5,3277,0.3341470857491608,-0.1387793713762588,1468,-0.17201634877384198,869,-0.17049482163406218,False
하락장,0.5,1.0,1.0,2467,0.4969598702877989,-0.1457016510127229,1090,-0.19751138610881633,633,-0.15737756714060025,False
하락장,0.5,1.0,2.0,1768,0.666289592760181,-0.13726636197926978,753,-0.2019832250972301,441,-0.18743421928163986,False
하락장,0.5,1.0,3.0,1446,0.7489626556016598,-0.13111317529408437,603,-0.24835248686352124,375,-0.20668857234538676,False
하락장,0.5,1.0,4.0,1248,0.8012820512820513,-0.10493551989956544,506,-0.2513942889470799,299,-0.15714352419560673,False
하락장,0.5,1.0,6.0,1011,0.8447082096933729,-0.12054570107488657,399,-0.23746670375635262,276,-0.19307778293076372,False
하락장,0.5,2.0,0.5,2867,0.2134635507499128,-0.10736378838435663,1297,-0.1851040863531226,778,-0.19976863753213367,False
하락장,0.5,2.0,1.0,2037,0.33726067746686306,-0.12899120774296763,885,-0.24804033472559978,532,-0.19545515933790256,False
하락장,0.5,2.0,2.0,1333,0.5033758439609902,-0.12338616490562235,554,-0.18679113625665184,344,-0.19760704373920382,False
하락장,0.5,2.0,3.0,1035,0.6038647342995169,-0.09574055744875556,425,-0.2520071345358348,270,-0.3298213203602154,False
하락장,0.5,2.0,4.0,852,0.6654929577464789,-0.07537059987774042,353,-0.23946168347744418,213,-0.3173704564319137,False
하락장,0.5,2.0,6.0,662,0.7190332326283988,-0.13035098558057254,276,-0.20870883735823054,179,-0.3994417541223779,False
하락장,0.5,3.0,0.5,2568,0.1588785046728972,-0.08911770994318412,1177,-0.17863028574135975,725,-0.15506810349319997,False
하락장,0.5,3.0,1.0,1764,0.26303854875283444,-0.09731703306138975,772,-0.2386897470535007,472,-0.13986438177673113,False
하락장,0.5,3.0,2.0,1087,0.41214351425942963,-0.08946455940268765,453,-0.2620667406170132,292,-0.06867504586996552,False
하락장,0.5,3.0,3.0,821,0.51278928136419,-0.04868411179390154,348,-0.2005611244709393,219,-0.35290090430787685,False
하락장,0.5,3.0,4.0,673,0.5765230312035661,-0.010537034801589277,290,-0.2869242777879228,182,-0.2663009162026858,False
하락장,0.5,3.0,6.0,524,0.6393129770992366,-0.07256493229816613,228,-0.07398167141740643,149,-0.42272037108592536,False
하락장,0.5,4.0,0.5,2290,0.12532751091703057,-0.08484289273246154,1079,-0.18081456203885765,637,-0.17643441463799756,False
하락장,0.5,4.0,1.0,1523,0.21339461588969139,-0.09656546609057474,671,-0.25412127096265064,414,-0.15808934569821875,False
하락장,0.5,4.0,2.0,911,0.34796926454445665,-0.11502698738792774,397,-0.1999061519357351,244,-0.11046580679504658,False
하락장,0.5,4.0,3.0,695,0.4633093525179856,0.04056031196648985,298,-0.27436859514422673,189,-0.31413748230448274,False
하락장,0.5,4.0,4.0,548,0.5182481751824818,0.01165293176919741,250,-0.1770633067310074,155,-0.2970628604717253,False
하락장,0.5,4.0,6.0,427,0.5737704918032787,-0.08058257428494602,193,-0.07453699903049768,133,-0.5066819221815024,False
하락장,0.5,6.0,0.5,1927,0.09392838609237156,-0.0724024605582371,938,-0.1468662223837946,556,-0.20820462743049195,False
하락장,0.5,6.0,1.0,1249,0.16012810248198558,-0.11122119440278894,562,-0.21443582764917862,354,-0.18129533350765734,False
하락장,0.5,6.0,2.0,721,0.27600554785020803,-0.15230938445607242,328,-0.21150294304074146,209,-0.14735108198507096,False
하락장,0.5,6.0,3.0,538,0.36617100371747213,-0.08153762565217224,246,-0.29042285202977075,163,-0.36807661362724714,False
하락장,0.5,6.0,4.0,438,0.4292237442922374,-0.05482633413149984,214,-0.2804335949273408,133,-0.4378945305587195,False
하락장,0.5,6.0,6.0,348,0.5,-0.060519684304061384,169,-0.08486755081353617,111,-0.7183833538987378,False
하락장,1.0,0.5,0.5,1277,0.4494909945184025,-0.19050900548159752,468,-0.13786324786324788,212,-0.17301886792452834,False
하락장,1.0,0.5,1.0,1119,0.6336014298480787,-0.189597855227882,407,-0.15965601965601964,178,-0.21303370786516854,False
하락장,1.0,0.5,2.0,965,0.7823834196891192,-0.18201638188640915,345,-0.12550724637681168,150,-0.3233333333333334,False
하락장,1.0,0.5,3.0,868,0.8398617511520737,-0.19708042456265532,307,-0.13022801302931603,136,-0.23191176470588235,False
하락장,1.0,0.5,4.0,817,0.8800489596083231,-0.17493979011063013,281,-0.13644128113879006,131,-0.2084858324360719,False
하락장,1.0,0.5,6.0,752,0.9082446808510638,-0.21258601816664524,266,-0.12164167761230901,125,-0.2584345007415229,False
하락장,1.0,1.0,0.5,1190,0.3050420168067227,-0.18243697478991602,430,-0.1237209302325582,201,-0.21462686567164183,False
하락장,1.0,1.0,1.0,992,0.46975806451612906,-0.20048387096774187,355,-0.20478873239436612,170,-0.2458823529411764,False
하락장,1.0,1.0,2.0,819,0.6446886446886447,-0.2023730916839196,288,-0.2233333333333334,137,-0.36627737226277385,False
하락장,1.0,1.0,3.0,713,0.7307152875175316,-0.20862310471800735,249,-0.23236947791164664,123,-0.20405217699884992,False
하락장,1.0,1.0,4.0,641,0.7940717628705148,-0.14700208746634555,220,-0.2640206407642135,115,-0.16328356165812688,False
하락장,1.0,1.0,6.0,559,0.8425760286225402,-0.17138935237555492,189,-0.3275881077259274,103,-0.2857230453154911,False
하락장,1.0,2.0,0.5,1124,0.18683274021352314,-0.17291814946619213,399,-0.12621553884711778,196,-0.23183673469387753,False
하락장,1.0,2.0,1.0,925,0.3264864864864865,-0.16054054054054043,319,-0.2653918495297804,162,-0.21407407407407394,False
하락장,1.0,2.0,2.0,722,0.48614958448753465,-0.1913622743616761,248,-0.4172893055520694,126,-0.2872909781703446,False
하락장,1.0,2.0,3.0,591,0.5871404399323181,-0.18571643364340526,208,-0.29408277363202895,110,-0.385627005979198,False
하락장,1.0,2.0,4.0,510,0.6470588235294118,-0.19546852763851805,177,-0.579948477070556,100,-0.19617254342182822,False
하락장,1.0,2.0,6.0,424,0.7240566037735849,-0.12671746636557668,147,-0.6253542038132079,88,-0.258279457374347,False
하락장,1.0,3.0,0.5,1088,0.13786764705882354,-0.15841396878161587,389,-0.1541388174807198,190,-0.25315789473684214,False
하락장,1.0,3.0,1.0,874,0.2459954233409611,-0.157201828414643,305,-0.3178936957342864,158,-0.16133415658828648,False
하락장,1.0,3.0,2.0,654,0.39755351681957185,-0.15039259389409335,230,-0.4357622825037853,116,-0.33712233805154096,False
하락장,1.0,3.0,3.0,523,0.4933078393881453,-0.16192787633339079,187,-0.31129913583775676,101,-0.37856284897378367,False
하락장,1.0,3.0,4.0,447,0.5771812080536913,-0.028053654923308476,161,-0.47782759902930233,89,-0.2953958483563173,False
하락장,1.0,3.0,6.0,363,0.6336088154269972,-0.09799396882560915,128,-0.3670781933823014,77,-0.34287310807216387,False
하락장,1.0,4.0,0.5,1059,0.10576015108593012,-0.1660003758587328,379,-0.11174114038813651,185,-0.2751351351351351,False
하락장,1.0,4.0,1.0,829,0.1942098914354644,-0.17724219050479542,297,-0.23366998608923864,148,-0.15846124676008244,False
하락장,1.0,4.0,2.0,596,0.3271812080536913,-0.19762713974649782,223,-0.28747023812786054,111,-0.21252858359605614,False
하락장,1.0,4.0,3.0,479,0.44467640918580376,-0.04540079282607103,177,-0.08924084825903364,92,-0.4714534412999031,False
하락장,1.0,4.0,4.0,397,0.5113350125944585,-0.0053287908236197175,155,-0.21337377538003957,80,-0.47277127728745894,False
하락장,1.0,4.0,6.0,317,0.5615141955835962,-0.20235866181437961,121,-0.14672386252542496,71,-0.46671836216879264,False
하락장,1.0,6.0,0.5,1003,0.08275174476570289,-0.12734555480842402,354,-0.04162418014999373,180,-0.21146655715596738,False
하락장,1.0,6.0,1.0,758,0.1503957783641161,-0.13917269133363896,270,-0.2699039348883953,140,-0.03552710495726693,False
하락장,1.0,6.0,2.0,517,0.2688588007736944,-0.12035043071592735,194,-0.3459868415963221,102,-0.15074219382730514,False
하락장,1.0,6.0,3.0,391,0.35294117647058826,-0.13067392684932985,149,-0.23905280268175694,87,-0.34951411840466284,False
하락장,1.0,6.0,4.0,313,0.4057507987220447,-0.19962049620016445,135,-0.44137157954324646,73,-0.5407363431542246,False
하락장,1.0,6.0,6.0,252,0.45634920634920634,-0.43841651547170957,101,-0.13184895457610132,65,-0.5289546711817156,False
하락장,2.0,0.5,0.5,289,0.3944636678200692,-0.24553633217993082,71,-0.17521126760563388,16,-0.07750000000000001,False
하락장,2.0,0.5,1.0,275,0.6036363636363636,-0.23454545454545456,70,-0.13285714285714287,15,-0.23999999999999996,False
하락장,2.0,0.5,2.0,258,0.7558139534883721,-0.2504651162790698,63,-0.27492063492063507,15,-0.14000000000000007,False
하락장,2.0,0.5,3.0,242,0.8016528925619835,-0.3342148760330579,61,-0.3285245901639345,14,0.10999999999999997,False
하락장,2.0,0.5,4.0,235,0.8595744680851064,-0.2719148936170213,58,-0.2606896551724138,14,0.36,False
하락장,2.0,0.5,6.0,220,0.8863636363636364,-0.3580887423276619,58,-0.31241379310344825,14,0.36,False
하락장,2.0,1.0,0.5,278,0.28776978417266186,-0.20834532374100725,70,-0.06142857142857145,16,-0.07750000000000001,False
하락장,2.0,1.0,1.0,258,0.4883720930232558,-0.16325581395348834,65,0.029230769230769255,15,-0.3399999999999999,False
하락장,2.0,1.0,2.0,234,0.6410256410256411,-0.216923076923077,59,-0.05525423728813567,14,-0.4257142857142859,False
하락장,2.0,1.0,3.0,217,0.695852534562212,-0.3565898617511521,56,-0.21142857142857147,13,-0.37076923076923085,False
하락장,2.0,1.0,4.0,201,0.7611940298507462,-0.33672660842332874,52,-0.1976923076923076,10,-0.13999999999999999,False
하락장,2.0,1.0,6.0,185,0.8216216216216217,-0.37162797543722037,49,0.00285714285714288,8,-0.8899999999999999,False
하락장,2.0,2.0,0.5,266,0.16917293233082706,-0.2170676691729323,68,-0.05176470588235295,14,-0.28285714285714286,False
하락장,2.0,2.0,1.0,239,0.32217573221757323,-0.17347280334728019,60,0.010000000000000179,13,-0.6784615384615383,False
하락장,2.0,2.0,2.0,214,0.46261682242990654,-0.2895327102803738,52,-0.21692307692307702,10,-1.3400000000000003,False
하락장,2.0,2.0,3.0,186,0.521505376344086,-0.5209413199384454,49,-0.1808163265306122,8,-2.515,False
하락장,2.0,2.0,4.0,173,0.6242774566473989,-0.3655453739289336,47,-0.43787234042553175,8,-1.8899999999999997,False
하락장,2.0,2.0,6.0,158,0.6835443037974683,-0.5156019067070312,40,-0.016246558954043765,7,-2.4489017753174296,False
하락장,2.0,3.0,0.5,263,0.14068441064638784,-0.1515376351117796,67,-0.11761194029850747,13,-0.6399999999999999,False
하락장,2.0,3.0,1.0,234,0.2692307692307692,-0.06749742749742745,59,-0.05525423728813553,11,-1.1400000000000001,False
하락장,2.0,3.0,2.0,204,0.38235294117647056,-0.23330587271763767,51,-0.27725490196078456,10,-1.6400000000000001,False
하락장,2.0,3.0,3.0,176,0.4602272727272727,-0.3608248746896771,46,-0.5313043478260873,8,-2.39,False
하락장,2.0,3.0,4.0,164,0.5548780487804879,-0.21314051275694992,44,-0.9581818181818181,8,-2.3899999999999997,False
하락장,2.0,3.0,6.0,151,0.6291390728476821,-0.2848245251875893,37,0.05366773497087834,7,-3.1215073091664602,False
하락장,2.0,4.0,0.5,262,0.1183206106870229,-0.11532212990228254,67,-0.035522388059701517,13,-0.6399999999999999,False
하락장,2.0,4.0,1.0,230,0.21739130434782608,-0.07539602327235817,59,0.13118644067796614,11,-1.1400000000000001,False
하락장,2.0,4.0,2.0,197,0.3147208121827411,-0.26784709738979257,51,-0.02235294117647073,10,-1.5400000000000003,False
하락장,2.0,4.0,3.0,170,0.40588235294117647,-0.32695501410275274,46,-0.096521739130435,8,-2.265,False
하락장,2.0,4.0,4.0,156,0.5064102564102564,-0.13669703261512822,44,-0.5036363636363637,8,-2.1399999999999997,False
하락장,2.0,4.0,6.0,142,0.5845070422535211,-0.2177198230633632,37,0.6490944507358442,7,-2.8357930234521747,False
하락장,2.0,6.0,0.5,261,0.09195402298850575,-0.05775631430803842,67,0.13611940298507458,13,-0.6399999999999999,False
하락장,2.0,6.0,1.0,228,0.17543859649122806,0.01856814039173815,57,0.21087719298245625,11,-1.1400000000000001,False
하락장,2.0,6.0,2.0,194,0.25257731958762886,-0.1922306184070829,49,-0.01755102040816331,10,-1.3400000000000003,False
하락장,2.0,6.0,3.0,163,0.34355828220858897,-0.19603554795910516,45,-0.15209597100516964,8,-2.015,False
하락장,2.0,6.0,4.0,146,0.4315068493150685,-0.08621642027234887,43,-0.6061315683060869,8,-1.6399999999999997,False
하락장,2.0,6.0,6.0,129,0.5193798449612403,-0.04415607818268739,35,0.5736803861419967,7,-2.264364452023603,False
