side,D,tp,sl,IS_n,IS_win,IS_ev,OOS1_n,OOS1_ev,OOS2_n,OOS2_ev,nb
양방향,0.5,0.5,0.5,17238,0.48311869126348767,-0.1568813087365124,5106,-0.1558636897767333,4179,-0.15064848049772678,False
양방향,0.5,0.5,1.0,13558,0.6461129960171117,-0.1707616147697586,4022,-0.14310790651417205,3181,-0.1676642565231059,False
양방향,0.5,0.5,2.0,9976,0.7923015236567763,-0.15854666139910967,2957,-0.1566955920711678,2252,-0.18300483143531754,False
양방향,0.5,0.5,3.0,8202,0.8538161424042916,-0.14983799668373604,2401,-0.1473483858001617,1792,-0.24279755347278398,False
양방향,0.5,0.5,4.0,6732,0.8761140819964349,-0.19178308722196438,2073,-0.12726720552475962,1516,-0.2206385037137353,False
양방향,0.5,0.5,6.0,5387,0.9159086690180063,-0.15787676828827318,1627,-0.11761570534117749,1163,-0.22811637729719006,False
양방향,0.5,1.0,0.5,14812,0.3250742641101809,-0.15238860383472863,4458,-0.158842530282638,3678,-0.1571288743882545,False
양방향,0.5,1.0,1.0,10686,0.48680516563728243,-0.16630226212318802,3199,-0.16094404501406684,2554,-0.16505873140172272,False
양방향,0.5,1.0,2.0,6984,0.6542096219931272,-0.1752216249002709,2099,-0.1764515207136691,1598,-0.1887980593223789,False
양방향,0.5,1.0,3.0,5296,0.737726586102719,-0.18005325731172772,1584,-0.16085452933051672,1233,-0.18382146317183606,False
양방향,0.5,1.0,4.0,4262,0.7914124824026278,-0.16122394951388674,1353,-0.10649236324132653,1007,-0.19639509319063872,False
양방향,0.5,1.0,6.0,3171,0.836959949542731,-0.19764990413913472,977,-0.08494060702969161,801,-0.20685798082803442,False
양방향,0.5,2.0,0.5,11419,0.20115596812330327,-0.13748588328952313,3477,-0.16646999202320684,2870,-0.1664897160768511,False
양방향,0.5,2.0,1.0,7496,0.3295090715048026,-0.15252190980048838,2228,-0.19748811765693233,1799,-0.18634976069619594,False
양방향,0.5,2.0,2.0,4483,0.4952041043943788,-0.1582471509125288,1298,-0.20904563731383252,1035,-0.16196419570197843,False
양방향,0.5,2.0,3.0,3206,0.595134123518403,-0.14883204928611696,945,-0.2289229768752242,772,-0.2999330054746867,False
양방향,0.5,2.0,4.0,2555,0.6622309197651663,-0.11434786605766879,750,-0.22524214548845664,620,-0.18221629364379183,False
양방향,0.5,2.0,6.0,1869,0.7346174424826111,-0.04971999635062641,573,-0.15985538706830696,478,-0.2562155411571192,False
양방향,0.5,3.0,0.5,9088,0.14722711267605634,-0.12730510687931293,2796,-0.1592721059556953,2272,-0.16014793535938865,False
양방향,0.5,3.0,1.0,5631,0.24951163203693838,-0.14870977172012204,1709,-0.1745294144330496,1339,-0.1224603393413647,False
양방향,0.5,3.0,2.0,3231,0.4026617146394305,-0.1416007430196068,963,-0.15635202397917067,780,-0.18394921877371542,False
양방향,0.5,3.0,3.0,2265,0.49050772626931566,-0.1829782748507669,698,-0.1491974226766108,582,-0.13405875085191285,False
양방향,0.5,3.0,4.0,1835,0.5580381471389646,-0.16362169219691408,541,-0.17316741991638956,473,-0.11560660121988825,False
양방향,0.5,3.0,6.0,1351,0.6365655070318282,-0.09550856684332053,429,0.03962201420836645,379,-0.3142057088519424,False
양방향,0.5,4.0,0.5,7565,0.11526768010575017,-0.12944062793268993,2331,-0.15182467725211302,1890,-0.17004340909259327,False
양방향,0.5,4.0,1.0,4533,0.20339730862563424,-0.14611856450935237,1341,-0.10644715287328013,1094,-0.16258695780740817,False
양방향,0.5,4.0,2.0,2607,0.33870349060222477,-0.1591544624506206,763,-0.05261802270472619,617,-0.13013583070901696,False
양방향,0.5,4.0,3.0,1849,0.43266630611141155,-0.13221843137977524,560,-0.19021609841419093,481,-0.1508931961271648,False
양방향,0.5,4.0,4.0,1462,0.4904240766073871,-0.1664427896582779,452,-0.028576344479818952,387,-0.016729338390258326,False
양방향,0.5,4.0,6.0,1093,0.555352241537054,-0.18799534682230126,365,-0.048703363752847575,329,0.04242730248505429,False
양방향,0.5,6.0,0.5,5725,0.08419213973799126,-0.12905426828589803,1793,-0.1429972824157893,1497,-0.1504627965438328,False
양방향,0.5,6.0,1.0,3364,0.1516052318668252,-0.16808812573213874,1013,-0.11767741775477307,851,-0.16212783085723023,False
양방향,0.5,6.0,2.0,1896,0.2674050632911392,-0.20244387980738288,579,0.051309526875415956,492,-0.06337666856305264,False
양방향,0.5,6.0,3.0,1354,0.35745937961595275,-0.14417409624037028,437,-0.05279341154702767,382,-0.18883033959338733,False
양방향,0.5,6.0,4.0,1091,0.42071494042163154,-0.09031854487939227,369,-0.20161471115883317,331,-0.2569363866147251,False
양방향,0.5,6.0,6.0,833,0.47058823529411764,-0.22577931136438062,298,-0.2811001128593108,274,-0.021357577577683074,False
양방향,1.0,0.5,0.5,5629,0.45176763190620006,-0.18823236809380003,1425,-0.15438596491228074,879,-0.17128555176336754,False
양방향,1.0,0.5,1.0,4944,0.6341019417475728,-0.18884708737864075,1240,-0.15169354838709675,759,-0.1775494071146245,False
양방향,1.0,0.5,2.0,4157,0.7868655280250181,-0.1720277701391814,1045,-0.14877982950854787,642,-0.22021806853582562,False
양방향,1.0,0.5,3.0,3714,0.8484114162627895,-0.16871808250258696,922,-0.16372341056783557,574,-0.21317073170731712,False
양방향,1.0,0.5,4.0,3388,0.8822314049586777,-0.16534674388433518,845,-0.14944532600822102,542,-0.22347418787663462,False
양방향,1.0,0.5,6.0,2947,0.9144893111638955,-0.16847560099240982,750,-0.11777478526907698,475,-0.22349929065051766,False
양방향,1.0,1.0,0.5,5221,0.30971078337483243,-0.17543382493775145,1326,-0.1275565610859729,826,-0.17510895883777242,False
양방향,1.0,1.0,1.0,4346,0.47100782328578,-0.1979843534284399,1100,-0.13818181818181813,704,-0.1769318181818181,False
양방향,1.0,1.0,2.0,3449,0.6485937953029863,-0.19190688927267605,876,-0.17672936282697776,572,-0.2603548344500019,False
양방향,1.0,1.0,3.0,2950,0.7349152542372881,-0.19578249307324,752,-0.19900662838237287,491,-0.21096326946110192,False
양방향,1.0,1.0,4.0,2545,0.7862475442043222,-0.1951985056235645,650,-0.1632596349764931,452,-0.13590289252331858,False
양방향,1.0,1.0,6.0,2069,0.8351860802319961,-0.22217816228886628,533,-0.20067253162485388,386,-0.11171192003829436,False
양방향,1.0,2.0,0.5,4881,0.1972956361401352,-0.14701986465700942,1225,-0.10938775510204081,786,-0.20784436970324982,False
양방향,1.0,2.0,1.0,3877,0.33402115037400054,-0.13921117345430684,975,-0.16223905582930673,636,-0.17353093488483376,False
양방향,1.0,2.0,2.0,2818,0.4936124911284599,-0.1644019120470274,716,-0.17379913949458436,479,-0.26640206009437245,False
양방향,1.0,2.0,3.0,2247,0.599910992434357,-0.12787740659618527,582,-0.14543748790951702,392,-0.2536000758262295,False
양방향,1.0,2.0,4.0,1867,0.6652383502945902,-0.10828815973001532,497,-0.051179773381487326,343,-0.1184241291243395,False
양방향,1.0,2.0,6.0,1452,0.7410468319559229,-0.05070860764927113,390,-0.04474780861949812,288,-0.07590609185513693,False
양방향,1.0,3.0,0.5,4533,0.14317229208030002,-0.14028719357317015,1146,-0.1391273996509599,731,-0.18216918548119612,False
양방향,1.0,3.0,1.0,3448,0.2511600928074246,-0.13975120266702146,875,-0.20687497788255627,570,-0.08512902525390352,False
양방향,1.0,3.0,2.0,2370,0.4012658227848101,-0.13820804647820165,613,-0.10118645411992032,414,-0.32395579835920796,False
양방향,1.0,3.0,3.0,1806,0.5055370985603543,-0.10067006317889958,478,-0.19999921247614974,340,-0.058029101251131365,False
양방향,1.0,3.0,4.0,1500,0.5753333333333334,-0.06477819409098674,396,-0.1434315867619307,288,-0.006856813592166783,False
양방향,1.0,3.0,6.0,1120,0.6348214285714285,-0.14177732851313612,315,0.0996572446591538,240,0.06117657068976388,False
양방향,1.0,4.0,0.5,4181,0.11456589332695527,-0.1289851153626296,1070,-0.16398311672846688,686,-0.22558990941741774,False
양방향,1.0,4.0,1.0,3061,0.20581509310682783,-0.1253459291170473,774,-0.19093753320360562,505,-0.12672298591554682,False
양방향,1.0,4.0,2.0,2058,0.3391642371234208,-0.12750034172202482,523,-0.07319594727526053,362,-0.15981170804631378,False
양방향,1.0,4.0,3.0,1547,0.45119586296056885,-0.012048301246303813,413,-0.07686426641149917,287,-0.04681584625148192,False
양방향,1.0,4.0,4.0,1250,0.5216,0.07230123074025029,353,0.13937483479783053,249,-0.03683534192427011,False
양방향,1.0,4.0,6.0,955,0.5780104712041885,-0.0505860506814836,278,0.39348699038099144,206,-0.18031635496842355,False
양방향,1.0,6.0,0.5,3571,0.0834500140016802,-0.12576356060821572,940,-0.17475070148234773,623,-0.1517948242266857,False
양방향,1.0,6.0,1.0,2456,0.15716612377850162,-0.10849036306274812,648,-0.22650116863041278,436,-0.004442162346455887,False
양방향,1.0,6.0,2.0,1578,0.2623574144486692,-0.1843789594668147,421,-0.07490552930114948,312,-0.12343599296377938,False
양방향,1.0,6.0,3.0,1166,0.3516295025728988,-0.1558409049849449,332,-0.20537618509965708,245,-0.018922700176089196,False
양방향,1.0,6.0,4.0,933,0.4040728831725616,-0.24361055290146508,282,-0.11600668832828005,215,-0.1723278098587491,False
양방향,1.0,6.0,6.0,719,0.4853963838664812,-0.22352177731108858,226,0.4787352910398361,175,0.12390198428317965,False
양방향,2.0,0.5,0.5,1064,0.39849624060150374,-0.24150375939849628,180,-0.15111111111111117,70,-0.16857142857142862,False
양방향,2.0,0.5,1.0,1030,0.6038834951456311,-0.23417475728155338,176,-0.09170454545454546,68,-0.16941176470588235,False
양방향,2.0,0.5,2.0,970,0.7701030927835052,-0.2147422680412372,162,-0.1492592592592593,67,-0.12507462686567167,False
양방향,2.0,0.5,3.0,923,0.828819068255688,-0.23913326110509214,154,-0.1172727272727273,63,-0.14000000000000004,False
양방향,2.0,0.5,4.0,892,0.8721973094170403,-0.2151121076233184,147,-0.03795918367346939,62,-0.07548387096774194,False
양방향,2.0,0.5,6.0,827,0.909310761789601,-0.21516661255857897,142,-0.05197183098591558,59,0.029491525423728817,False
양방향,2.0,1.0,0.5,1026,0.30214424951267055,-0.1867836257309942,177,-0.08067796610169493,69,-0.09652173913043477,False
양방향,2.0,1.0,1.0,964,0.48132780082987553,-0.1773443983402489,167,0.045628742514970094,65,-0.12461538461538459,False
양방향,2.0,1.0,2.0,871,0.653272101033295,-0.17800016930719698,150,-0.0800000000000001,62,-0.05935483870967749,False
양방향,2.0,1.0,3.0,805,0.7304347826086957,-0.2146560838094019,136,-0.1400000000000001,58,-0.0365517241379311,False
양방향,2.0,1.0,4.0,760,0.7868421052631579,-0.19763431007265647,124,-0.027096774193548327,54,0.02666666666666672,False
양방향,2.0,1.0,6.0,684,0.8377192982456141,-0.23856741099052012,117,0.14205128205128206,48,-0.1608333333333333,False
양방향,2.0,2.0,0.5,986,0.18864097363083165,-0.16839756592292085,169,-0.16662721893491125,65,-0.10153846153846154,False
양방향,2.0,2.0,1.0,905,0.33038674033149174,-0.14883977900552475,152,-0.014999999999999868,60,-0.2899999999999999,False
양방향,2.0,2.0,2.0,778,0.4910025706940874,-0.1757252394106614,137,-0.09620437956204385,53,-0.4041509433962264,False
양방향,2.0,2.0,3.0,704,0.5866477272727273,-0.19729214097574213,123,0.008978639678438377,49,-0.5704198853917518,False
양방향,2.0,2.0,4.0,652,0.6733128834355828,-0.07938078056067902,113,-0.05273943642552825,47,-0.14192711455735815,False
양방향,2.0,2.0,6.0,575,0.7513043478260869,-0.021111301215010585,101,0.3381544787724909,43,-0.05285783282367066,False
양방향,2.0,3.0,0.5,969,0.14447884416924664,-0.13539153563921366,168,-0.11916666666666668,63,-0.14000000000000004,False
양방향,2.0,3.0,1.0,879,0.26507394766780434,-0.08088099890147665,148,0.04918918918918922,56,-0.2828571428571428,False
양방향,2.0,3.0,2.0,732,0.40710382513661203,-0.10574936962552836,132,-0.1324242424242426,52,-0.2169230769230771,False
양방향,2.0,3.0,3.0,655,0.5068702290076336,-0.0830018827714384,117,-0.09575447502047589,48,-0.42231598559085715,False
양방향,2.0,3.0,4.0,587,0.58603066439523,-0.007964162322139796,105,-0.13873455927778733,45,0.047751837591974766,False
양방향,2.0,3.0,6.0,517,0.6711798839458414,0.07103960572977752,93,0.6086367337795346,41,0.11800686652374745,False
양방향,2.0,4.0,0.5,957,0.1180773249738767,-0.11374709824311939,167,-0.18191616766467072,63,-0.14000000000000004,False
양방향,2.0,4.0,1.0,852,0.21244131455399062,-0.09231187578181684,146,-0.054701804321506516,55,-0.2309090909090909,False
양방향,2.0,4.0,2.0,701,0.3338088445078459,-0.15152243280917524,128,-0.23020674555421863,51,0.03460094963630954,False
양방향,2.0,4.0,3.0,617,0.4376012965964344,-0.07904729486754566,113,0.019901857343585513,48,-0.049302476602278045,False
양방향,2.0,4.0,4.0,546,0.5238095238095238,0.06918225330921014,100,0.051963990514818724,45,0.55674402495757,False
양방향,2.0,4.0,6.0,471,0.5944798301486199,0.016396377592391202,88,0.9005400169223389,40,0.5004158541390797,True
양방향,2.0,6.0,0.5,930,0.08817204301075268,-0.08376594751722648,164,-0.11429923186894345,62,-0.11580645161290326,False
양방향,2.0,6.0,1.0,814,0.16461916461916462,-0.045377987156020934,138,-0.058796663192773824,55,0.005454545454545637,False
양방향,2.0,6.0,2.0,655,0.23053435114503817,-0.3753260113206455,118,-0.35784280787240935,49,0.27510958852613204,False
양방향,2.0,6.0,3.0,548,0.3467153284671533,-0.16728924464408318,103,0.06782040351058437,47,0.3590169407446056,False
양방향,2.0,6.0,4.0,483,0.41821946169772256,-0.13281038170662654,89,0.2890345206059189,42,0.49054180188145546,False
양방향,2.0,6.0,6.0,395,0.4860759493670886,-0.26528391694852577,76,0.5670291079173133,38,0.17006125867880323,False
롱만,0.5,0.5,0.5,9048,0.47844827586206895,-0.16155172413793106,2653,-0.15903505465510748,2244,-0.14846702317290558,False
롱만,0.5,0.5,1.0,7257,0.6418630287997795,-0.17720545680033067,2110,-0.14189573459715638,1745,-0.1677936962750716,False
롱만,0.5,0.5,2.0,5588,0.7936649964209019,-0.15511466407212118,1622,-0.13709232435647306,1312,-0.14902963444537728,False
롱만,0.5,0.5,3.0,4718,0.8548113607460789,-0.14552153732227413,1377,-0.12965171691036081,1075,-0.1738562872290872,False
롱만,0.5,0.5,4.0,4137,0.8827652888566594,-0.162274792987535,1236,-0.09416049798952075,960,-0.1641300594391513,False
롱만,0.5,0.5,6.0,3378,0.9209591474245116,-0.12957290493366702,1034,-0.0742600281483725,786,-0.14790103061785845,False
롱만,0.5,1.0,0.5,8008,0.3221778221778222,-0.15673326673326674,2391,-0.15944792973651198,2027,-0.14641341884558465,False
롱만,0.5,1.0,1.0,5987,0.48221145815934524,-0.17557708368130948,1781,-0.13831555306007853,1457,-0.1681400137268359,False
롱만,0.5,1.0,2.0,4182,0.6590148254423721,-0.1612171628506501,1246,-0.137982364828322,1015,-0.14212002767585233,False
롱만,0.5,1.0,3.0,3355,0.7499254843517139,-0.13222291719847012,991,-0.13672724813723278,792,-0.14975338663899174,False
롱만,0.5,1.0,4.0,2870,0.7940766550522648,-0.14718238750389948,845,-0.07431146082938501,658,-0.1862606234658067,False
롱만,0.5,1.0,6.0,2218,0.8498647430117223,-0.10895405896367674,684,-0.046621929384186536,550,-0.09476949719164875,False
롱만,0.5,2.0,0.5,7049,0.2011632855724216,-0.13750253801991708,2134,-0.17188198794034223,1798,-0.14279504179119162,False
롱만,0.5,2.0,1.0,4890,0.329038854805726,-0.1536856060179089,1459,-0.1273999050883131,1203,-0.14747644933325016,False
롱만,0.5,2.0,2.0,3120,0.5092948717948718,-0.10391769239824566,908,-0.1140270888278221,764,-0.10002189670512408,False
롱만,0.5,2.0,3.0,2352,0.6071428571428571,-0.08684665107775233,700,-0.10211760684869611,566,-0.06693660952149177,False
롱만,0.5,2.0,4.0,1939,0.666838576585869,-0.08728867135806373,560,-0.07612570137107326,471,-0.13491496163343966,False
롱만,0.5,2.0,6.0,1476,0.7323848238482384,-0.05614953270617134,457,-0.08182984355966273,385,-0.06515423933435699,False
롱만,0.5,3.0,0.5,6265,0.14445331205107742,-0.13698464589977408,1929,-0.16626494447443557,1599,-0.13337469334655944,False
롱만,0.5,3.0,1.0,4117,0.24702453242652417,-0.15735507378255012,1256,-0.1408372073045825,1006,-0.11685418216263377,False
롱만,0.5,3.0,2.0,2472,0.4085760517799353,-0.11038902517475152,741,-0.13438349334903604,616,-0.06650526424301145,False
롱만,0.5,3.0,3.0,1815,0.5046831955922865,-0.10955801076733362,547,-0.1417439937432318,451,-0.013961703252667226,False
롱만,0.5,3.0,4.0,1472,0.5679347826086957,-0.09836163915243412,440,-0.17326257466469933,382,-0.0651650745104546,False
롱만,0.5,3.0,6.0,1088,0.6360294117647058,-0.10285730465755127,359,-0.08041885102776193,307,0.02676157357269916,False
롱만,0.5,4.0,0.5,5585,0.1144136078782453,-0.13401167672035785,1755,-0.18018751309350328,1436,-0.12248410554314802,False
롱만,0.5,4.0,1.0,3580,0.2041899441340782,-0.13698373657204513,1095,-0.15866734593210507,876,-0.10039232980906666,False
롱만,0.5,4.0,2.0,2088,0.3496168582375479,-0.08861602066934936,629,-0.1651382063997327,519,-0.04569906262217549,False
롱만,0.5,4.0,3.0,1510,0.43973509933774835,-0.08459441889347347,469,-0.1308007657462508,398,0.00939807196763343,False
롱만,0.5,4.0,4.0,1224,0.5049019607843137,-0.06074485490658294,378,-0.18303988643966834,322,-0.07398427934282484,False
롱만,0.5,4.0,6.0,922,0.5748373101952278,-0.07300326291679171,301,-0.2510003681828005,257,-0.042437887012444206,False
롱만,0.5,6.0,0.5,4646,0.08243650452001722,-0.13557922982486853,1467,-0.1987193670835662,1224,-0.11688075548249761,False
롱만,0.5,6.0,1.0,2821,0.15597305919886564,-0.14157625037500157,906,-0.1913933973394218,744,-0.12609789331037663,False
롱만,0.5,6.0,2.0,1603,0.2832189644416719,-0.0624186810133033,515,-0.1785815686140669,436,-0.040350744551493185,False
롱만,0.5,6.0,3.0,1178,0.3735144312393888,-0.01882828253100597,396,-0.12299100509517467,330,0.005138117717066194,False
롱만,0.5,6.0,4.0,933,0.43515541264737406,-0.02569576560155155,316,-0.2172683542029214,286,0.010443125268690814,False
롱만,0.5,6.0,6.0,744,0.5067204301075269,0.03643467733980685,263,-0.28031540401060323,237,0.10020041872246188,False
롱만,1.0,0.5,0.5,3043,0.4492277357870523,-0.19077226421294777,746,-0.1708310991957105,490,-0.15632653061224497,False
롱만,1.0,0.5,1.0,2722,0.6311535635562087,-0.19326965466568696,650,-0.16384615384615384,431,-0.14812064965197214,False
롱만,1.0,0.5,2.0,2295,0.7895424836601307,-0.1655309943129378,545,-0.17518334281914216,365,-0.13315068493150692,False
롱만,1.0,0.5,3.0,2067,0.8509917755200774,-0.1603646018133489,488,-0.19199382078595162,335,-0.1519402985074627,False
롱만,1.0,0.5,4.0,1897,0.8856088560885609,-0.14991536205256292,455,-0.13116769335592693,321,-0.15869158878504677,False
롱만,1.0,0.5,6.0,1707,0.9220855301698887,-0.11875733628876461,410,-0.1019420983510595,286,-0.1813985414454869,False
롱만,1.0,1.0,0.5,2827,0.3116377785638486,-0.17254333215422712,701,-0.15640513552068475,461,-0.16169197396963128,False
롱만,1.0,1.0,1.0,2394,0.46867167919799496,-0.20265664160400995,583,-0.12113207547169808,398,-0.12492462311557785,False
롱만,1.0,1.0,2.0,1898,0.6480505795574288,-0.19418606509260322,466,-0.1296457550138036,321,-0.17377870811651414,False
롱만,1.0,1.0,3.0,1641,0.7391834247410116,-0.1787751864120163,406,-0.14584478951611915,287,-0.2474667780675994,False
롱만,1.0,1.0,4.0,1450,0.7931034482758621,-0.16302749797240815,358,-0.10618248997633736,266,-0.14851189559718805,False
롱만,1.0,1.0,6.0,1250,0.8456,-0.15524468780963377,311,-0.06650438222940398,231,-0.13031383922040016,False
롱만,1.0,2.0,0.5,2683,0.1967946328736489,-0.14848451710430968,667,-0.14149925037481256,439,-0.16807670748691195,False
롱만,1.0,2.0,1.0,2201,0.32576101771921856,-0.164445302900192,537,-0.13560507689353782,366,-0.09990621471790798,False
롱만,1.0,2.0,2.0,1632,0.5018382352941176,-0.13291989631973006,403,-0.07934825106263972,285,-0.1472974617661098,False
롱만,1.0,2.0,3.0,1363,0.6045487894350697,-0.10175836638173279,336,-0.1524693489712784,250,-0.11776585951483025,False
롱만,1.0,2.0,4.0,1175,0.6825531914893617,-0.014020114789783641,292,-0.12855136402365797,224,-0.049664816804342864,False
롱만,1.0,2.0,6.0,961,0.7336108220603538,-0.10729895268685408,241,0.13688822045275242,183,-0.07005115917031911,False
롱만,1.0,3.0,0.5,2586,0.14462490332559938,-0.1358497488139143,653,-0.1576110260336907,421,-0.16096359759324075,False
롱만,1.0,3.0,1.0,2077,0.25036109773712084,-0.1450860132225516,506,-0.1473591301365905,346,0.0005989952203013485,False
롱만,1.0,3.0,2.0,1484,0.40431266846361186,-0.125940121426265,372,-0.0651802811764851,259,-0.08395838866779957,False
롱만,1.0,3.0,3.0,1185,0.4962025316455696,-0.15988093152686242,300,-0.11894301608046952,228,0.0794933570930593,False
롱만,1.0,3.0,4.0,1000,0.587,-0.006482218962255189,252,-0.16281661935109473,200,0.03736436271718072,False
롱만,1.0,3.0,6.0,767,0.621903520208605,-0.25072193444873797,204,0.04313119027005365,169,0.21232280403934853,False
롱만,1.0,4.0,0.5,2510,0.11553784860557768,-0.12622021861967242,640,-0.17487193573879653,412,-0.1575113540299722,False
롱만,1.0,4.0,1.0,1977,0.20991401112797167,-0.10797746475423642,486,-0.16675873249364354,323,0.008972274132088594,False
롱만,1.0,4.0,2.0,1385,0.3444043321299639,-0.09825556037812816,345,-0.11338402945263887,243,-0.011124690914384587,False
롱만,1.0,4.0,3.0,1094,0.44424131627056673,-0.05022873576708463,274,-0.17986487388897038,211,0.1611581048751407,False
롱만,1.0,4.0,4.0,906,0.5275938189845475,0.0943540670248076,231,-0.1753456326551649,187,0.18092466384847228,False
롱만,1.0,4.0,6.0,691,0.5687409551374819,-0.1720490383360315,188,0.09776810003301833,152,0.28086604720883146,False
롱만,1.0,6.0,0.5,2341,0.08671507902605724,-0.10543110272910618,610,-0.2207065050201019,400,-0.07503195469115481,False
롱만,1.0,6.0,1.0,1766,0.16194790486976218,-0.07126470175255055,451,-0.1702859220258773,309,0.13175649998417158,False
롱만,1.0,6.0,2.0,1187,0.2754844144903117,-0.07387260100014846,312,-0.10010527285786044,226,0.16716872236321934,False
롱만,1.0,6.0,3.0,901,0.35960044395116536,-0.08736213091174322,255,-0.09050039658839941,188,0.25388044670770066,False
롱만,1.0,6.0,4.0,733,0.4379263301500682,0.024683384235823284,212,-0.12717376499093822,168,0.29680513667730135,False
롱만,1.0,6.0,6.0,573,0.4886561954624782,-0.16310383997292546,168,0.030207414588603702,133,0.5130101734795154,False
롱만,2.0,0.5,0.5,605,0.4066115702479339,-0.2333884297520662,87,-0.16873563218390814,42,-0.2352380952380953,False
롱만,2.0,0.5,1.0,592,0.597972972972973,-0.24304054054054053,84,-0.10428571428571429,41,-0.22536585365853665,False
롱만,2.0,0.5,2.0,560,0.7660714285714286,-0.22482142857142864,77,-0.12701298701298713,41,-0.1887804878048781,False
롱만,2.0,0.5,3.0,536,0.8376865671641791,-0.20809701492537316,71,-0.03436619718309863,38,-0.28473684210526323,False
롱만,2.0,0.5,4.0,516,0.877906976744186,-0.1894186046511628,69,0.03391304347826085,38,-0.3505263157894738,False
롱만,2.0,0.5,6.0,477,0.9203354297693921,-0.14248063998712615,66,0.06454545454545453,35,-0.19714285714285706,False
롱만,2.0,1.0,0.5,583,0.3241852487135506,-0.15372212692967416,85,-0.11058823529411771,41,-0.12780487804878052,False
롱만,2.0,1.0,1.0,555,0.47927927927927927,-0.1814414414414414,80,0.010000000000000047,39,-0.11435897435897431,False
롱만,2.0,1.0,2.0,503,0.6620278330019881,-0.15391650099403587,70,-0.1257142857142858,38,-0.008421052631578987,False
롱만,2.0,1.0,3.0,466,0.7553648068669528,-0.11854077253218889,63,-0.155873015873016,35,-0.054285714285714375,False
롱만,2.0,1.0,4.0,441,0.8027210884353742,-0.11995891132780352,58,-0.0020689655172412853,35,-0.13999999999999999,False
롱만,2.0,1.0,6.0,398,0.8492462311557789,-0.1537456939574411,54,0.21185185185185185,31,-0.269032258064516,False
롱만,2.0,2.0,0.5,562,0.20818505338078291,-0.11953736654804269,80,-0.20249999999999999,39,-0.12717948717948716,False
롱만,2.0,2.0,1.0,525,0.3333333333333333,-0.1399999999999999,72,-0.014999999999999828,36,-0.38999999999999996,False
롱만,2.0,2.0,2.0,448,0.5044642857142857,-0.12592876963153127,66,0.04181818181818178,33,-0.44303030303030305,False
롱만,2.0,2.0,3.0,409,0.628361858190709,0.005769109359894687,58,0.08973056345599878,31,-0.5593548387096775,False
롱만,2.0,2.0,4.0,381,0.6981627296587927,0.053977224838347354,54,0.2548957903786654,30,-0.13999999999999974,True
롱만,2.0,2.0,6.0,336,0.7767857142857143,0.17066502756894475,50,0.6012578234363235,28,0.1457142857142859,True
롱만,2.0,3.0,0.5,553,0.15913200723327306,-0.08303797468354435,80,-0.07125,38,-0.08736842105263161,False
롱만,2.0,3.0,1.0,513,0.2709551656920078,-0.05617933723196877,71,0.15577464788732392,34,-0.31647058823529406,False
롱만,2.0,3.0,2.0,427,0.4262295081967213,-0.015166484297250784,64,-0.030625000000000138,32,-0.10875000000000012,False
롱만,2.0,3.0,3.0,384,0.5338541666666666,0.06897427064907401,57,0.2516556610604898,31,-0.3161481588440418,True
롱만,2.0,3.0,4.0,352,0.6022727272727273,0.09297490425796813,53,0.6585730694424138,29,0.3613588646839555,True
롱만,2.0,3.0,6.0,307,0.6905537459283387,0.22900683811935355,49,1.0985830879952614,27,0.7688669287346188,True
롱만,2.0,4.0,0.5,552,0.13043478260869565,-0.055964776802016204,80,-0.18999999999999995,38,-0.0478947368421053,False
롱만,2.0,4.0,1.0,504,0.21428571428571427,-0.08047542584109375,71,-0.1054431469146472,34,-0.25764705882352934,False
롱만,2.0,4.0,2.0,415,0.3493975903614458,-0.06697759859960813,62,-0.13268489404741882,32,0.2974999999999999,False
롱만,2.0,4.0,3.0,368,0.4673913043478261,0.13788433506469241,55,0.23415605526400102,31,0.13546474438176467,True
롱만,2.0,4.0,4.0,336,0.5416666666666666,0.2189911017438279,51,0.6752663341082367,29,0.9820485198563691,True
롱만,2.0,4.0,6.0,289,0.6262975778546713,0.32313285887071996,47,1.2043814135019353,27,1.3293744919434245,True
롱만,2.0,6.0,0.5,545,0.08990825688073395,-0.06621084671623317,80,-0.21231342533133413,38,0.04421052631578951,False
롱만,2.0,6.0,1.0,492,0.16056910569105692,-0.058332758530269084,71,-0.17283855573868565,34,-0.11058823529411746,False
롱만,2.0,6.0,2.0,394,0.24873096446700507,-0.2410618253784564,61,-0.04707438454830639,32,0.39433100351597217,False
롱만,2.0,6.0,3.0,341,0.36363636363636365,0.009945005629338704,54,0.633953870611358,31,0.3936893741674937,False
롱만,2.0,6.0,4.0,305,0.42295081967213116,-0.08284750951183269,49,1.1271813283041552,28,0.4208087480179202,True
롱만,2.0,6.0,6.0,253,0.5019762845849802,-0.07618897877749069,43,1.1047754505702285,26,0.7012603176707836,False
